-- phpMyAdmin SQL Dump
-- version 4.5.0.2
-- http://www.phpmyadmin.net
--
-- Хост: localhost
-- Время создания: Окт 15 2015 г., 17:19
-- Версия сервера: 5.5.44-0ubuntu0.14.04.1
-- Версия PHP: 5.5.9-1ubuntu4.13

SET SQL_MODE = "NO_AUTO_VALUE_ON_ZERO";
SET time_zone = "+00:00";


/*!40101 SET @OLD_CHARACTER_SET_CLIENT=@@CHARACTER_SET_CLIENT */;
/*!40101 SET @OLD_CHARACTER_SET_RESULTS=@@CHARACTER_SET_RESULTS */;
/*!40101 SET @OLD_COLLATION_CONNECTION=@@COLLATION_CONNECTION */;
/*!40101 SET NAMES utf8mb4 */;

--
-- База данных: `bytehouse`
--

-- --------------------------------------------------------

--
-- Структура таблицы `auth_group`
--

CREATE TABLE `auth_group` (
  `id` int(11) NOT NULL,
  `name` varchar(80) COLLATE utf8_unicode_ci NOT NULL
) ENGINE=InnoDB DEFAULT CHARSET=utf8 COLLATE=utf8_unicode_ci;

-- --------------------------------------------------------

--
-- Структура таблицы `auth_group_permissions`
--

CREATE TABLE `auth_group_permissions` (
  `id` int(11) NOT NULL,
  `group_id` int(11) NOT NULL,
  `permission_id` int(11) NOT NULL
) ENGINE=InnoDB DEFAULT CHARSET=utf8 COLLATE=utf8_unicode_ci;

-- --------------------------------------------------------

--
-- Структура таблицы `auth_permission`
--

CREATE TABLE `auth_permission` (
  `id` int(11) NOT NULL,
  `name` varchar(255) COLLATE utf8_unicode_ci NOT NULL,
  `content_type_id` int(11) NOT NULL,
  `codename` varchar(100) COLLATE utf8_unicode_ci NOT NULL
) ENGINE=InnoDB DEFAULT CHARSET=utf8 COLLATE=utf8_unicode_ci;

--
-- Дамп данных таблицы `auth_permission`
--

INSERT INTO `auth_permission` (`id`, `name`, `content_type_id`, `codename`) VALUES
(1, 'Can add log entry', 1, 'add_logentry'),
(2, 'Can change log entry', 1, 'change_logentry'),
(3, 'Can delete log entry', 1, 'delete_logentry'),
(4, 'Can add permission', 2, 'add_permission'),
(5, 'Can change permission', 2, 'change_permission'),
(6, 'Can delete permission', 2, 'delete_permission'),
(7, 'Can add group', 3, 'add_group'),
(8, 'Can change group', 3, 'change_group'),
(9, 'Can delete group', 3, 'delete_group'),
(10, 'Can add user', 4, 'add_user'),
(11, 'Can change user', 4, 'change_user'),
(12, 'Can delete user', 4, 'delete_user'),
(13, 'Can add content type', 5, 'add_contenttype'),
(14, 'Can change content type', 5, 'change_contenttype'),
(15, 'Can delete content type', 5, 'delete_contenttype'),
(16, 'Can add session', 6, 'add_session'),
(17, 'Can change session', 6, 'change_session'),
(18, 'Can delete session', 6, 'delete_session'),
(19, 'Can add заявка', 7, 'add_contactform'),
(20, 'Can change заявка', 7, 'change_contactform'),
(21, 'Can delete заявка', 7, 'delete_contactform'),
(22, 'Can add kv store', 8, 'add_kvstore'),
(23, 'Can change kv store', 8, 'change_kvstore'),
(24, 'Can delete kv store', 8, 'delete_kvstore'),
(25, 'Can add автор', 9, 'add_author'),
(26, 'Can change автор', 9, 'change_author'),
(27, 'Can delete автор', 9, 'delete_author'),
(28, 'Can add тег', 10, 'add_tags'),
(29, 'Can change тег', 10, 'change_tags'),
(30, 'Can delete тег', 10, 'delete_tags'),
(31, 'Can add статья', 11, 'add_article'),
(32, 'Can change статья', 11, 'change_article'),
(33, 'Can delete статья', 11, 'delete_article'),
(34, 'Can add комментарий', 12, 'add_comments'),
(35, 'Can change комментарий', 12, 'change_comments'),
(36, 'Can delete комментарий', 12, 'delete_comments'),
(37, 'Can add подписчик', 13, 'add_subscribers'),
(38, 'Can change подписчик', 13, 'change_subscribers'),
(39, 'Can delete подписчик', 13, 'delete_subscribers'),
(40, 'Can add Статическая страница', 14, 'add_staticpages'),
(41, 'Can change Статическая страница', 14, 'change_staticpages'),
(42, 'Can delete Статическая страница', 14, 'delete_staticpages'),
(43, 'Can add Страница', 15, 'add_pages'),
(44, 'Can change Страница', 15, 'change_pages'),
(45, 'Can delete Страница', 15, 'delete_pages');

-- --------------------------------------------------------

--
-- Структура таблицы `auth_user`
--

CREATE TABLE `auth_user` (
  `id` int(11) NOT NULL,
  `password` varchar(128) COLLATE utf8_unicode_ci NOT NULL,
  `last_login` datetime DEFAULT NULL,
  `is_superuser` tinyint(1) NOT NULL,
  `username` varchar(30) COLLATE utf8_unicode_ci NOT NULL,
  `first_name` varchar(30) COLLATE utf8_unicode_ci NOT NULL,
  `last_name` varchar(30) COLLATE utf8_unicode_ci NOT NULL,
  `email` varchar(254) COLLATE utf8_unicode_ci NOT NULL,
  `is_staff` tinyint(1) NOT NULL,
  `is_active` tinyint(1) NOT NULL,
  `date_joined` datetime NOT NULL
) ENGINE=InnoDB DEFAULT CHARSET=utf8 COLLATE=utf8_unicode_ci;

--
-- Дамп данных таблицы `auth_user`
--

INSERT INTO `auth_user` (`id`, `password`, `last_login`, `is_superuser`, `username`, `first_name`, `last_name`, `email`, `is_staff`, `is_active`, `date_joined`) VALUES
(1, 'pbkdf2_sha256$20000$jqISCPwWDpws$9N1c6zgM6wnr68antva+I9tLrK+jXHKIKEcjpk1gNac=', '2015-08-31 13:55:55', 1, 'root', '', '', 'tesla@bytehouse.ru', 1, 1, '2015-07-01 13:27:11'),
(2, 'pbkdf2_sha256$20000$IwzJYU8FV0Vx$f/yOl4lnb4evFCRMqw93ogGg84bus61vurLy/37HEMg=', '2015-10-07 11:10:20', 1, 'bhadmin', '', '', 'tesla@bytehouse.ru', 1, 1, '2015-07-09 11:15:14'),
(3, 'pbkdf2_sha256$20000$Pv4LWhVxHF2H$vVKJj+/SpUCX++KGuTdt44ep1NdTgZoh/sibeGDvU+A=', '2015-10-13 12:55:36', 1, 'assig123', '', '', 'assig@gmail.com', 1, 1, '2015-10-13 12:55:24');

-- --------------------------------------------------------

--
-- Структура таблицы `auth_user_groups`
--

CREATE TABLE `auth_user_groups` (
  `id` int(11) NOT NULL,
  `user_id` int(11) NOT NULL,
  `group_id` int(11) NOT NULL
) ENGINE=InnoDB DEFAULT CHARSET=utf8 COLLATE=utf8_unicode_ci;

-- --------------------------------------------------------

--
-- Структура таблицы `auth_user_user_permissions`
--

CREATE TABLE `auth_user_user_permissions` (
  `id` int(11) NOT NULL,
  `user_id` int(11) NOT NULL,
  `permission_id` int(11) NOT NULL
) ENGINE=InnoDB DEFAULT CHARSET=utf8 COLLATE=utf8_unicode_ci;

-- --------------------------------------------------------

--
-- Структура таблицы `blog_article`
--

CREATE TABLE `blog_article` (
  `id` int(11) NOT NULL,
  `title` varchar(150) COLLATE utf8_unicode_ci NOT NULL,
  `slug` varchar(150) COLLATE utf8_unicode_ci NOT NULL,
  `date` datetime NOT NULL,
  `text` longtext COLLATE utf8_unicode_ci NOT NULL,
  `logo` varchar(100) COLLATE utf8_unicode_ci NOT NULL,
  `keyArticle` tinyint(1) NOT NULL,
  `author_id` int(11) NOT NULL,
  `shortText` varchar(140) COLLATE utf8_unicode_ci NOT NULL,
  `background` varchar(100) COLLATE utf8_unicode_ci DEFAULT NULL,
  `meta_description` longtext COLLATE utf8_unicode_ci NOT NULL,
  `meta_keywords` varchar(1000) COLLATE utf8_unicode_ci NOT NULL,
  `meta_tags` longtext COLLATE utf8_unicode_ci NOT NULL,
  `meta_title` varchar(200) COLLATE utf8_unicode_ci NOT NULL
) ENGINE=InnoDB DEFAULT CHARSET=utf8 COLLATE=utf8_unicode_ci;

--
-- Дамп данных таблицы `blog_article`
--

INSERT INTO `blog_article` (`id`, `title`, `slug`, `date`, `text`, `logo`, `keyArticle`, `author_id`, `shortText`, `background`, `meta_description`, `meta_keywords`, `meta_tags`, `meta_title`) VALUES
(1, '7 ошибок юзабилити, которые вы можете неосознанно допустить', '7-oshibok-yuzabiliti', '2015-07-09 11:14:04', '<p>При работе над созданием сайта, легко увлечься дизайном и прочими внешними деталями, забывая при этом, что ваш сайт должен быть в первую очередь полезен посетителям.</p>\r\n\r\n<p>Выбор идеального цвета, яркие фотографии и &laquo;отточенные&raquo; заголовки безусловно важны, но это все станет лишь пустой тратой времени, если посетители не получают того, за чем они пришли на ваш сайт - ответов на свои вопросы.</p>\r\n\r\n<p>Предлагаем проверить свой сайт на наличие 7 распространенных ошибок, чтобы убедиться, что вы сделали все правильно.</p>\r\n\r\n<h2>1. Отсутствие телефонного номера на каждой странице сайта.</h2>\r\n\r\n<p>Одной из самых распространенных ошибок юзабилити является отсутствие номера телефона на каждой странице сайта означает, что людям гораздо сложнее войти с вами в контакт (посетителю придется приложить усилия, чтобы связаться с вами).</p>\r\n\r\n<p>Даже если вы решите разместить форму обратной связи на каждой странице, или же отвести для контактов отдельную страницу, вам необходимо иметь номер, который пользователи с легкостью найдут именно на той странице, на которой они находятся. Для максимального удобства, желательно располагать номер в верхнем правом углу страницы.</p>\r\n\r\n<h2>2. Сложный путь возвращения на главную страницу.</h2>\r\n\r\n<p>Главное меню сайта является весьма &laquo;конкурентной&raquo; областью. Многие вебмастера предпочитают удалять ссылку на главную страницу, чтобы сэкономить место в главном меню навигации. Это тоже является ошибкой юзабилити.</p>\r\n\r\n<p>Не обязательно иметь пункт &laquo;Главная страница&raquo; на в основном меню &ndash; сделайте логотип сайта ссылкой на главную страницу.</p>\r\n\r\n<h2>3. Сложный поиск на сайте.</h2>\r\n\r\n<p>Пользователи должны суметь найти все необходимое на сайте прямо с домашней страницы. Не ограничивайте поиск лишь статистическими страницами. Включайте в поиск новости, посты в блогах, файловые архивы и события.</p>\r\n\r\n<p>Чрезвычайно полезно дать пользователям поле ввода на главной странице, а не просто ссылку на страницу поиска.</p>\r\n\r\n<h2>4. Ошибки навигации</h2>\r\n\r\n<p>Недавним, Google сообщил о том, что будет более благосклонен к корректно отображающимся в мобильных устройствах сайтам (см. Адаптивные сайты). Теперь, все сайты должны быть адаптивными, для комфортного просмотра на всех устройствах и иметь больше шансов на высокие позиции в поисковой выдаче. Иногда, однако, разработчики сайтов забывают учитывать размеры touch-кнопок и элементов навигации.</p>\r\n\r\n<p>Руководство по созданию интерфейсов Apple, рекомендует в качестве&nbsp; минимального размера touch-объекта навигации 44 пикселя в ширину и 44 пикселя в высоту. Руководство по интерфейсам Android называет минимальным размером 7 мм или 48 пикселей.</p>\r\n\r\n<p>Так же должно быть достаточно пространства вокруг ваших ссылок, чтобы пользователи случайно не нажали не ту ссылку.</p>\r\n\r\n<h2>5. Отсутствие информации на главной странице</h2>\r\n\r\n<p>Отсутствие текстового блока с &laquo;сообщением посетителю&raquo; на главной странице стало распространенной ошибкой, которую находят на многих сайтах. Важно иметь хотя бы небольшой текст, который кратко описывает то, что ваша компания может сделать для вашего клиента, и чем вы отличаетесь от ваших конкурентов.</p>\r\n\r\n<p>Имея качественный текстовый посыл на домашней странице так же чрезвычайно ценно для продвижения вашего сайта. Величина контента может меняться до тех пор, пока вы не сформируете четкое и лаконичное уникальное предложение.</p>\r\n\r\n<h2>6. Ваша контактная страница только для прямой связи с вами</h2>\r\n\r\n<p>Как упоминалось ранее, ваш номер телефона должен быть на каждой странице, но телефон не должен быть единственным пунктом в разделе контактов для связаться с вами. Посетители ждут от этой страницы нечто большего, чем телефон вашей компании. Добавьте на страницу контактов физический и фактические адреса. Рекомендуется добавить встроенную карту Яндекс или Гугл.</p>\r\n\r\n<h2>7. Ваши формы трудно использовать</h2>\r\n\r\n<p>Следите за тем, чтобы ваши контакты и формы обратной связи были просты и понятны. Не задавайте слишком много вопросов, это может заставить посетителя почувствовать дискомфорт или даже агрессивный напор с вашей стороны.</p>\r\n\r\n<p>Используйте только самые необходимые на ваш взгляд поля. Это может быть иметь большое значение, когда дело доходит до привлечения большого количества потенциальных клиентов. Избавившись от незначимых полей, вы можете добиться&nbsp;увеличения&nbsp;конверсии.</p>\r\n\r\n<p>&nbsp;</p>\r\n\r\n<p><em>Эти 7 ошибок юзабилити&nbsp;могут удержать посетителей&nbsp;от покупки и завершения продажи. Потратьте время на то, чтобы подумать, как посетитель будет использовать ваш сайт и вы убедитесь, что вся нужная посетителю информация на сайте должна быть легкодоступной и понятной.</em></p>\r\n', 'blog/article/logo/shutterstock_193851854-usability1.png', 0, 1, 'Предлагаем проверить свой сайт на наличие 7 распространенных ошибок юзабилити', 'blog/article/background/01-1900x700_c1.jpg', '', '', '', ''),
(3, '4 стратегических роли SEO-специалиста', '4-roli-seo', '2015-07-10 13:18:25', '<p>В быстро развивающемся мире, современные поисковые системы все больше внимания уделяют поведению пользователей на сайте (поведенческие факторы). Уже сейчас эти системы научились предсказывать человеческие запросы, делая это все менее хитрыми схемами и уловками, больше основываясь на солидном опыте и ярких отзывах интернет пользователей.</p>\r\n\r\n<p>В результате складывающейся тенденции, каждый специалист в сфере SEO (Поискового продвижения сайтов) должен уверенно и легко ориентироваться в других областях знаний. В данной статье описываются 4 ключевых &laquo;роли&raquo; для SEO менеджера. Каждая из них состоит из причин, по которым стоит иметь компетенцию в этих ролях.</p>\r\n\r\n<h2>1. Веб-мастер</h2>\r\n\r\n<p>Сайт созданный в соответствии со всеми рекомендациями поисковых систем, имеет наибольший коммерческий потенциал. Этот факт является краеугольным камнем для SEO-специалиста, какую бы стратегию поисковой оптимизации вы не выбрали и включает в себя следующие аспекты:</p>\r\n\r\n<p><strong>Метаданные:</strong> оптимизация названия, описаний, заголовков и подписей к изображениям;</p>\r\n\r\n<p><strong>Мобильное удобство</strong> (либо мобильная версия сайта). Убедитесь, что сайт правильно и удобно отображается на мобильном устройстве;</p>\r\n\r\n<p><strong>Скорость загрузки сайта</strong>. Слежение за размерами страниц и подключаемых файлов и за нагрузкой на сервер, являются необходимыми элементами для быстрой загрузки страниц сайта;</p>\r\n\r\n<p><strong>Плотность ключевых слов</strong>. Размещайте ключевые слова и ссылки в естественном порядке. Переоптимизированный текст не любит никто. Ни пользователи, ни поисковые системы. Помните, что сайт в первую очередь предназначен для человека.</p>\r\n\r\n<p>Это лишь несколько ключевых факторов SEO-оптимизации страниц сайта.&nbsp;</p>\r\n\r\n<p>Умение решать эти проблемы быстро, также является важным для веб-мастеров навыком.</p>\r\n\r\n<h2>2. Контент-маркетолог (копирайтер)</h2>\r\n\r\n<p>Вы так же должны уметь создавать seo-тексты для сайта и выполнять роль редактора материалов, преобразуя их в убедительную и дружелюбную информацию, одинаково интересной и людям, и поисковым системам.</p>\r\n\r\n<p>Контент-маркетинг может сыграть важную роль для вашего бизнеса, помогая получить высокий рейтинг сайта в поисковой системе.</p>\r\n\r\n<p>И кто бы не был занят поисковым продвижением: вы сами или seo-специалист, которому вы это поручите - важно понимать, что критически необходимо часто обновлять информацию на сайте.</p>\r\n\r\n<p>Таким образом, ответ на вопрос почему мы примеряем на seo-специалиста по продвижению сайта роль контент-маркетолога, лежит в стилистике и манере написания текстов, которые характеризует содержание маркетинга.</p>\r\n\r\n<p>Многие ошибочно полагают, что цель контент маркетинга &ndash; это описание вашего бизнеса, товаров или услуг снова и снова разными способами. Такая стратегия не поможет решить существующие проблемы. Качественный контент-маркетинг заключается в решении проблем целевых посетителей вашего сайта, чтобы они возвращались к вам снова и снова.</p>\r\n\r\n<h2>3. Социальный медиа менеджер</h2>\r\n\r\n<p>Ряд исследований показывают, что активность проекта социальных сетях влияет на позиции вашего сайта в поисковых системах. Аналитики из ведущих фирм в сфере, поисковой метрики, SEO и контент-маркетинга, составили список сигналов, которые коррелируют с высокими рейтингами поиска. Их исследование показало, что, несмотря на некоторое снижение с 2013 по 2014, популярность социальных медиа каналов растет и они все еще ценятся поисковыми системами очень высоко.</p>\r\n\r\n<p>Это не означает, что для seo-продвижения сайта, активности в социальных сетях будет достаточным, чтобы быть первыми в поисковых рейтингах. Запуск успешной социальной площадки для бизнеса зависит от регулярной активности и комплексной стратегии; Активная деятельность в соцсетях влияет на выдачу поисковой системы.</p>\r\n\r\n<p>В качестве компонента продвижения, соцсети являются одним из самых высокопотенциальных инструментов наращивания имеющихся ресурсов.</p>\r\n\r\n<p>Социальные площадки в кругу единомышленников могут стать механизмом по увеличению читательской аудитории, частоте упоминаний, и частоты входящих внешних ссылок (ссылки на свои внутренние страницы). Первым шагом является создание аудитории, которая с нетерпением будет ждать свежих новостей из вашего источника.</p>\r\n\r\n<p>Люди будут делиться вашими новостями с другими людьми, что поспособствует распространению вашей информации, и как следствие, увеличению вашей аудитории, с помощью ссылок на ваши страницы новостей, блога и т. д. . Ваше имя и бренд должны звучать и читаться чаще и это станет поводом для повышения вашего рейтинга в поисковых системах.</p>\r\n\r\n<h2>4. Аналитик</h2>\r\n\r\n<p>Получение целевых посетителей из поисковых систем может оказаться не достаточным, до тех пор, пока не увеличится конверсия. Если целью вашего веб-сайта, являются продажи, увеличение базы потенциальных клиентов или увеличение количества e-mail подписчиков, то сайт должен служить интернет пользователям, на которых нацелен ваш бизнес.</p>\r\n\r\n<p>Используйте Google или Яндекс аналитику, чтобы изучить поведение ваших посетителей. Какие страницы они посещают чаще? Как долго они остаются этих страницах и на сайте вообще?</p>\r\n\r\n<p>Работая над сайтом, нем забывайте об информации, которая обязательно должна быть включена. Какая информация, по вашему мнению, необходима? Рассмотрели ли вы различные цели и потребности пользователей вашего сайта? Используйте эти вопросы, при анализе данных полученных от Google и Яндекс аналитики.</p>\r\n\r\n<p>Предположим, что вы заметите, что люди тратят в среднем 2 минуты и 42 секунды на странице обратной связи, но только пять процентов посетителей заполняют данную форму. Для вас это тревожный сигнал. В этом случае, Вам следует объединить свои данные и интуицию, чтобы проанализировать страницу обратной связи вашего сайта. Попробуйте изменить внешний вид формы, текстовые подсказки или формы вопросов, которые задаются. И Вы обнаружите, что даже эти незначительные изменения могут серьезно улучшить сложившуюся ситуацию.</p>\r\n\r\n<p>Резюме:<br />\r\nSEO никогда не будет одноразовым действием. Это непрерывная гонка конкурирующих организаций за более качественное предоставление услуг и создание удобств для конечных пользователей сайта.</p>\r\n', 'blog/article/logo/Page-Authority-and-the-science-behind-search-engine-optimization.jpg', 0, 1, 'Статья о четырех ключевых ролях, в каждой из которых SEO-специалисту важно быть компетентным', 'blog/article/background/Page-Authority-and-the-science-behind-search-engine-optimization.jpg', '', '', '', ''),
(4, 'Веб-дизайн и психологическое взаимодействие', 'psihologicheskoe-vzaimodejstvie', '2015-07-10 15:52:05', '<p>Человек, по своей природе, находится в постоянном взаимодействии с окружающим миром. Веб-дизайнеры, в своей работе, могут использовать знания о факторах психологического взаимодействия в своих целях для создания наиболее удобного дизайна сайта.</p>\r\n\r\n<p>В этой статье мы перечислим некоторые моменты, которые веб-дизайнеру полезно учитывать при создании дизайна сайта.</p>\r\n\r\n<h2>Установить доверие с посетителем сайта</h2>\r\n\r\n<p>Доверие посетителей сайта является одной из самых приоритетных задач, которые стоят перед дизайнерами веб-сайтов. Зачастую, люди очень скептично относятся ко всему что видят, тем более, если им пытаются что-то продать посредством интернет сайтов. У Вас есть всего несколько секунд, чтобы повлиять на человека, убедить его остаться на вашем сайте. Установления доверия очень важно и дизайн сайта играет одну из ключевых ролей.</p>\r\n\r\n<p>Будь вы профессиональным веб-дизайнером, или человеком, не знающих основ веб-дизайна, вы можете с легкостью определить качество внешнего облика сайта &ndash; даже если сравнение сайтов происходит интуитивно.</p>\r\n\r\n<p>Плохой веб-дизайн является одной из основных причин недоверия посетителей, которые непосредственно влияют на поведенческие факторы и конверсию сайта. Ваш сайт должен выглядеть современно и правильно сочетать содержание и изображение. Если вы задаетесь вопросом, нуждается ли ваш сайт в обновлении, то будьте уверенны &ndash; непременно нуждается. Как минимум, не будет лишним провести профессиональный аудит сайта.</p>\r\n\r\n<p>Другой способ завоевать доверие посетителей - это определение четких целей вашего бизнеса. Ваша цель не должна быть прописана в виде обычного текста, цель должна быть ясной и лаконичной, четко определять, что представляет ваш бизнес и какие продукты или услуги вы продаете. Это поможет посетителям быстро сориентироваться, и будет удобным способом взаимодействия с вашим сайтом.</p>\r\n\r\n<p>Люди склонны доверять информации из проверенных источников, или подкрепленной мнениями, и отзывами экспертов. Воспользуйтесь этим, подтверждайте качество своего продукта или услуг сертификатами и дипломами, грамотами и благодарностями. Если вы сотрудничаете с известными предприятиями, включайте их в список своих клиентов. Не забудьте о логотипах, которые предадут больший авторитет.</p>\r\n\r\n<h2>Веб-дизайн и социальная психология&nbsp;&nbsp;&nbsp;</h2>\r\n\r\n<p>Социальная психология &ndash; то, как мы взаимодействуем с другими людьми - также может помочь при разработке дизайна сайта. Например, мы часто ищем групповую оценку или одобрение, основанную на суждениях окружающих. В веб-дизайне, это относится к наличию &laquo;типовых конструкций&raquo;, для предприятий одной отрасли. Это не означает, что вы не должны пытаться выделиться на фоне конкурентов. Дело в том, что люди будут ожидать некоторую логичную последовательность сайта, они не ожидают видеть на сайте посвященном архитектуре продукцию хлебобулочного завода, и наоборот.</p>\r\n\r\n<p>Наряду с поиском групповой оценки, люди также обращаются к группам и форумам. Вы можете использовать это. Используйте тексты, картинки и фотографии, чтобы дать посетителю почувствовать себя частью вашего бизнеса. Сделайте так, чтобы ваши посетители чувствовали, что они принадлежат к сообществу и действительно важны для него.</p>\r\n\r\n<p>Еще немного социальной психологии, которая поможет в веб-дизайне &ndash; взаимность. Люди будут реагировать на позитивные действия так же позитивным действиям. Если вы дадите посетителю небольшой подарок, книгу, купон на скидку, или даже бесплатный продукт на первую пробу, они, ответят на ваш позитивный жест так же позитивно и вернутся к вам снова. При проектировании вашего сайта, не упускайте возможности позиционирования с позитивным отношением, которое может быть взаимными.</p>\r\n\r\n<h2>Веб-дизайн и образы</h2>\r\n\r\n<p>Человеческий мозг невероятно искусен в распознавании образов - даже тогда, когда этого образа и нет. Используйте это в ваших интересах, создав последовательный дизайн для вашего сайта. Используйте подходящие цвета, стили, изображения, шрифты и макеты страниц. Если у вас есть контактная информация, убедитесь, что он соответствует действительности и не вызывает сомнений и затруднений. Например, можно использовать адреса электронной почты, связанные с адресом вашего сайта, если это возможно. Если вы используете общее решение, как Яндекс-почта, mail.ru или Gmail, не забудьте включить название вашей компании в адресе.</p>\r\n\r\n<h2>Не ломайте привычные модели поведения пользователей сайта</h2>\r\n\r\n<p>Следует также иметь в виду и общепринятые и уже устоявшиеся модели дизайна. Например, большинство пользователей Интернета привыкли видеть логотип в левом верхнем углу сайта и для них логотипы связаны с главной страницей. Если этого не сделать, ваш сайт может не вписаться в привычное представление о сайтах.</p>\r\n\r\n<p>Использование гиперссылок, является еще одним хорошим примером многочисленных дизайн шаблонов. Пользователи привыкли, что ссылки бывают подчеркнутыми или отличающимися по цвету от остального текста. Google, например, проводил эксперимент, который доказал, что синие ссылки получают больше кликов, чем ссылки других цветов. Придерживаясь привычных для интернет пользователя приемов вы укрепите ваш авторитет сайта и повысите удобство пользования.</p>\r\n\r\n<h2>Веб-дизайн и психология цвета</h2>\r\n\r\n<p>Психология цвета основывается на том, как разные цвета и цветовые сочетания воздействуют(влияют) на настроения и поведения людей. Психология цвета крайне важна в веб-дизайне и вы должны заботиться о выборе цвета для вашего сайта.</p>\r\n\r\n<h2>Веб-дизайн и эмоциональные импульсы</h2>\r\n\r\n<p>Эмоции являются сильным фактором мотивации. Использование эмоциональных триггеров - текста и графики - может влиять на поведение посетителей. Шрифты и цвета могут влиять на человека так же как текст или изображение, Рассмотрите, какие эмоциональные реакции могут привести к увеличению конверсии и постарайтесь общаться с вашими посетителями через ваш дизайн. Используйте тестирование, чтобы определить лучшие эмоциональные триггеры для вашего сайта.</p>\r\n\r\n<h2>Веб-дизайн и визуальная иерархия</h2>\r\n\r\n<p>Создайте визуальную иерархию информации на вашем сайте. Посетители, как правило, проходятся по основным пунктам при просмотре сайта. Используйте это в ваших интересах, направляя их к информации, которую вы хотите, чтобы они увидели. Помните, что люди, всегда обращают первое внимание на объекты, которые выделяются.</p>\r\n\r\n<p>Не забывайте и о культурных особенностях при создании визуальной иерархии. Например, в англоговорящих странах, люди, как правило, просматривают информацию слева направо и сверху вниз. Тем не менее, люди из Азии или на Ближнем Востоке просматривать информацию иначе, в другой последовательности.</p>\r\n\r\n<p>Используйте лица при создании визуальной иерархии. Люди, как правило, предпочитают лица другими объектами или информации. Кроме того, если мы видим лицо, которое смотрит на какой-то объект, то мы склонны смотреть на этот объект тоже.</p>\r\n\r\n<h2>Использование свободного пространства</h2>\r\n\r\n<p>Иногда заманчиво, заполнить как можно больше пространства на странице содержанием, ожидая что посетителям не придется искать информацию. В теории, звучит хорошо. На практике же, существует риск подавить посетителей сайта слишком большим выбором или даже создать ощущение замкнутого пространства. Закон Хика гласит что каждая дополнительная возможность выбора увеличивает время, необходимое на принятия решения.</p>\r\n', 'blog/article/logo/user-experience_lYwOZj5.jpg', 0, 1, 'Некоторые моменты, которые веб-дизайнеру полезно учитывать при создании дизайна сайта', 'blog/article/background/cach-ban1_YBfbj9u.png', '', '', '', ''),
(5, 'Секреты страницы «О компании»', '7-sekretov-stranicy-o-kompanii-kotorye-vazhno-znat', '2015-07-11 09:31:40', '<p>Страница &laquo;О компании&raquo; является одной из самых посещаемых страниц корпоративных сайтов. Люди посещают эту страницу, чтобы лучше понять цели организации, сформировать собственное мнение о репутации компании и принять решение, стоит ли доверять свои деньги этой компании.</p>\r\n\r\n<p>Вместо утомления монотонной историей компании или перечнем услуг, важно уделять внимание непосредственным потребностям клиентов. В противном случае, они могут довольно быстро покинуть сайт.</p>\r\n\r\n<p>В этой статье, мы перечислим секреты, которые помогут сделать вашу страницу &quot;О Компании&quot; более привлекательной.</p>\r\n\r\n<h2>1. Создайте платформу бренда.</h2>\r\n\r\n<p>Объективный самоанализ может быть сложной задачей, особенно для молодых компаний пытающихся найти себя. В то время как миссия является хорошей отправной точкой, &quot;бренд платформа&quot; помогает компании сосредоточиться на своей уникальности и вписаться в рынок.</p>\r\n\r\n<p>Бренд платформа - документ, который четко передает имидж и создает набор желаемых психологических ассоциаций, которые будут связаны с организацией. Разработка такой платформы является ключевой темой страницы &laquo;О компании&raquo;.</p>\r\n\r\n<h2>2. Не зацикливайтесь на истории компании</h2>\r\n\r\n<p>Многие пишут историю компании, как год за годом происходил рост и развитие. Рассказ о том, когда впервые был открыт офис или когда услуга была впервые предложена может быть полезным, но люди предпочитают читать о том, как вы одержали победу над сложной ситуацией и про ваши ценности, с которыми вы хотели бы поделиться с миром.</p>\r\n\r\n<p>Знакомство посетителей сайта с тем, как вы начинали бизнес может быть полезным, если это действительно актуально и интересно.</p>\r\n\r\n<p>Если вы конкурируете с компанией работающей на рынке более 20 лет, а вы молодая компания, опирающаяся на инновационные технологии - можно попробовать составить яркую впечатляющую историю.</p>\r\n\r\n<h2>3. Фотографии прибавят лояльность</h2>\r\n\r\n<p>Показав физическое местоположение компании с помощью фотографий, вы поможете подчеркнуть серьезность своей организации. Убедитесь, что фотографии не просто отображают пустое здание/помещение. Если это возможно, покажите на фотографиях, как сотрудники взаимодействуют с клиентами.</p>\r\n\r\n<p>Если у вас впечатляющее офисное пространство, закажите съемку у профессионального фотографа. Кроме того, рассмотрите вопрос о создании виртуального тура. Это обеспечивает высокое качество фотографии и дает людям шанс получить виртуальную экскурсию по офису или объекту непосредственно с сайта компании.</p>\r\n\r\n<p>Демонстрация компании через образы может способствовать возникновению чувства надежности, качества и профессионализма &ndash; не сказав ни слова.</p>\r\n\r\n<h2>4. Помните, что это не продающая страница</h2>\r\n\r\n<p>Страница &laquo;О компании&raquo; должна быть посвящена ответу на вопрос &laquo;почему&raquo;, а не &laquo;как&raquo; или &laquo;что&raquo;. Дайте понять посетителям, что ваш бизнес решает конкретные проблемы и задачи. Не делайте упор на то, что вы лучше конкурентов.</p>\r\n\r\n<p>Включите список общих услуг или направлений деятельности компании, но не тратьте слишком много времени, раскрывая суть. Вместо этого, создайте отдельные страницы на сайте, чтобы описать их более подробно.</p>\r\n\r\n<h2>5. Люди хотят знать с кем будут работать</h2>\r\n\r\n<p>Профили или список ключевых сотрудников обеспечивает доверие к компании. Покажите сотрудников, которые имеют ученые степени или профессиональные сертификаты.</p>\r\n\r\n<p>Убедитесь, что эти сотрудники не планируют уволиться или перейти в конкурирующие компании, перечислите людей, которые имеют финансовые связи или тесно связаны с бизнесом.</p>\r\n\r\n<p>Это может быть полезно, чтобы дать краткий обзор роли каждого члена команды и показать, как он или она способствует развитию компании.</p>\r\n\r\n<h2>6. Список отраслевых грамот и наград</h2>\r\n\r\n<p>Будет полезно перечислить сертификаты, награды и отзывы на странице &quot;о компании&quot;. Это придаст дополнительные очки вашей репутации. Можете также разместить логотипы ваших партнеров.</p>\r\n\r\n<h2>7. Призывы к действию</h2>\r\n\r\n<p>Добавьте призыв к действию - &ldquo;свяжитесь с нами прямо сейчас&rdquo; или &ldquo;узнайте больше&rdquo; в конце страницы. Это дает посетителям повод остаться на вашем сайте, а не уходить сразу же после прочтения.<br />\r\n&nbsp;</p>\r\n\r\n<h2>Вывод</h2>\r\n\r\n<p>Ни для кого не секрет, что если люди хотят узнать больше о компании, они будут тратить время на странице &quot;информация&quot;. Структурирование текста страницы, поможет посетителям получить лучшее представление о вашем бизнесе, миссия, цели и репутации. Используйте Вашу страницу, чтобы продемонстрировать, почему вы находитесь в бизнесе и что делает ваш бренд отличным от других в вашей отрасли.</p>\r\n\r\n<p>Автор:&nbsp;DANIEL KEDINGER.<br />\r\nПеревод статьи: Эльвира Вологирова</p>\r\n', 'blog/article/logo/about_company.jpg', 0, 1, 'В этой статье мы расскажем, как написать текст для страницы «О компании»', 'blog/article/background/irish-hands.jpg', '', '', '', ''),
(6, 'Зачем фирме создание сайта?', 'zachem-firme-nuzhen-sajt', '2015-07-11 09:31:40', '<p>Многие руководители ставя перед собой цель развития и продвижения своего дела задаются вопросами, что поможет фирме или компании стать лучше и какими способами этого добиться. Перебирая различные инструменты для достижения этой цели каждый, наверняка, вспоминает и о возможности создания сайта для своей фирмы. Но тут же в головах строгих аналитиков сплывает скептический вопрос &ndash; &laquo;<strong>А зачем мне создание сайта?</strong>/Что я с этого получу?&raquo; И, конечно же, &laquo;окупится ли такая инвестиция, не говоря уже о &nbsp;том, чтобы приносить доходы&raquo;, ведь вряд ли кто-то будет отрицать тот факт, что основной целью создания сайта является получение прибыли. При этом, перечисляя &laquo;+&raquo; в пользу сайта, зачастую приводятся доводы типа: &quot;<strong>Потому что сайты есть у всех уважающих себя фирм</strong>&quot; или &quot;<strong>Потому что у всех конкурентов сайт уже есть</strong>&quot;.</p>\r\n\r\n<p>В наши дни что угодно можно продать и купить через Интернет. Десятки миллионов людей покупают через интернет, начиная от книг и заканчивая автомобилями, недвижимостью и альтернативными источниками энергии. И не меньшим интернет-спросом пользуются услуги.</p>\r\n\r\n<h2>Итак, 10 веских причин для создания сайта Вашему бизнесу</h2>\r\n\r\n<h3>Создание сайта &ndash; это новый рынок сбыта ваших товаров и услуг</h3>\r\n\r\n<p>Привлекайте больше посетителей на ваш сайт и превращайте их в довольных клиентов.<br />\r\nКаталог товаров на сайте или описание предлагаемых вашей фирмой услуг, может служить хорошей поддержкой сбыта в розничной сети. Посетитель вашего сайта, получивший подробную информацию о товаре (внешний вид, стоимость, характеристики), уже является подготовленным покупателем.</p>\r\n\r\n<p>Если ваша компания продвигает товар или услуги на другие рынки (региональные или международные), то трудно себе представить более дешевый и эффективный рекламный канал для этих целей, чем создание сайта. Подробное описание предлагаемой на сайте продукции экономит большое количество времени и денег на информирование ваших потенциальных партнеров и покупателей.</p>\r\n\r\n<h3>Создание сайта &ndash; это поиск новых партнеров</h3>\r\n\r\n<p>Участвуя в переговорах или выставках, вы или представитель вашей компании порой не имеет возможности и времени предоставить всю необходимую информацию оппоненту. Адрес сайта на вашей визитке или небольшом буклете позволяет решить эту проблему. Потенциальный партнер, заинтересованный в продукции или услугах вашей фирмы, обязательно заглянет на Ваш сайт.</p>\r\n\r\n<p>Сайт может стать местом привлечения новых дилеров и расширения рынков сбыта по России и странам СНГ. Англоязычная версия сайта будет актуальна для вашей компании, в случае, если вы также ориентируетесь на экспорт. Это может послужить началом переговоров с партнерами по внешнеэкономической деятельности. &nbsp;Также, сайт может выполнять функции информационной и рекламной поддержки существующей сети дилеров.</p>\r\n\r\n<h3>Создание сайта &ndash; это повышение потребительского доверия</h3>\r\n\r\n<p>Давая потенциальным клиентам больше информации, вы делаете их лояльнее по отношению к себе. Люди хотят знать, что они получат, став вашим клиентом. Если вы дадите им то, чего они хотят, то они вернутся к вам снова, прихватив с собой своих друзей.</p>\r\n\r\n<p>Наличие сайта положительно влияет на имидж компании, т.е. является показателем открытости компании и ее стабильности (в случае, если сайт достаточно часто обновляется).</p>\r\n\r\n<h3>Создание сайта &ndash; это обратная связь и общение с клиентами</h3>\r\n\r\n<p>В какой бы области вы не работали, очень важно поддерживать связь с посетителями.<br />\r\nФорма обратной связи и e-mail переписка с клиентами, голосования и пр. &ndash; это одни из самых важных инструментов, которые может дать Вам сайт для интерактивной коммуникации. Рекомендуем размещать на сайте список часто задаваемых вопросов и ответы на них, а также отзывы от ваших довольных клиентов.</p>\r\n\r\n<p>Продвигайте свои идеи через блог, который вы можете вести на своем сайте, это вызовет больше доверия к вам и бизнесу в целом.</p>\r\n\r\n<p>Если ваша цель - обучать, или выражать свою точку зрения по определенным социальным или экономическим вопросам, то сайт -это отличный способ поделиться вашими идеями с людьми, имеющими аналогическую точку зрения. Вы можете организовывать семинары, тренинги предлагая им онлайн обучение, как идеальный способ получения информации для занятых людей.&nbsp;</p>\r\n\r\n<p>Не забывайте указывать такую важную информацию как часы работы, информацию о ценах и контактную информацию. Кроме этого, желательно поместить на сайт карту проезда</p>\r\n\r\n<h3>Создание сайта &ndash; это продвижение вашего бренда</h3>\r\n\r\n<p>Интересный и полезный сайт всегда привлекает много посетителей и сбор статистики посещений позволяет обрабатывать информацию о посетителях, их географию и т.д. &nbsp;Сайт позволяет собирать отклики на новые товары (услуги) вашей фирмы, иными словами мониторинг, является важной для вашего бизнеса информацией.</p>\r\n\r\n<p>Привлечение на собственный сайт пользователей интернета служит повышению узнаваемости торговой марки. Привлечение посетителей может быть достигнуто за счет бесплатного предоставления информации и консультаций.</p>\r\n\r\n<p>Ваш сайт должен говорить вашей целевой аудитории почему он лучше, чем другие подобные сайты. Вам нужно продвигать свою фирму, идеи, продукцию и услуги, а также информировать потенциальных клиентов о всех важных событиях, которые у вас происходят.&nbsp;</p>\r\n\r\n<h3>Создание сайта &ndash; это упрощение жизни своим сотрудникам и компании.</h3>\r\n\r\n<p>Использование собственного сайта позволяет существенно снизить затраты на PR за счет перенесения акцента с традиционных средств, например печатных материалов, на информационную форму представления в интернете. Как следствие, это приводит к снижению тиражей и сокращению количества фото и печатных материалов, высвобождению рабочего времени работников, занятых организацией и проведением соответствующих мероприятий.</p>\r\n\r\n<h3>Создание сайта &ndash; это рекламная площадка</h3>\r\n\r\n<p>Реклама &ndash; это ключ к продажам. Не рекламируя свой бизнес, вы обрекаете его на гибель. Людям хочется покупать и быть покупателями. Им не нравятся назойливые продавцы, но они нуждаются в качественной консультации. Сайт дает возможность почувствовать себя более спокойно и контролировать процесс покупки. Наличие сайта дает вам возможность в полной мере использовать онлайн-рекламу. &nbsp;Это дает возможность создать великолепный инструмент для продвижения практически без траты денег на печать, бумагу, почтовые расходы и пр.</p>\r\n\r\n<p>Кроме всего прочего, это не засоряют email ящики ваших потенциальных клиентов и не засоряют окружающую среду.</p>\r\n\r\n<p>И не забудьте занести ваш сайт в тематические каталоги крупных поисковых систем.&nbsp;</p>\r\n\r\n<h3>Создание сайта &ndash; это возможность анализа потребностей рынка.</h3>\r\n\r\n<p>Чтобы максимально увеличить конверсию, вы должны учитывать ожидания целевой аудитории и не забывать повышать заинтересованность в использовании вашего сервиса.</p>\r\n\r\n<p>Сайт позволит вам протестировать новые виды товаров или увеличить продажи старых товаров за счет бесконечных тестов, которые вы можете проводить с помощью сайта, не тратя на это огромных средств. Если у вас есть новый товар, который вы планируете продавать широкой аудитории, то не спешите производить огромную партию, протестируйте его продажи через сайт. Если продажи не пойдут для небольшой массы людей, то скорее всего не пойдут вообще и наоборот.&nbsp;</p>\r\n\r\n<h3>Создание сайта &ndash; это сервис и поддержка клиентов без перерыва и выходных</h3>\r\n\r\n<p>Люди смотрят на советы и мнения людей, смотрят как организована поддержка клиентов и на основании этого решают верить продавцу или нет. Часто очень важно предоставлять хорошую поддержку клиентов на основании схемы 24/7, причем круглый год. Без этого, ваш клиент может уйти к конкуренту, который больше заботится о своих клиентах.</p>\r\n\r\n<h3>Создание сайта &ndash; это инструмент найма новых&nbsp;сотрудников</h3>\r\n\r\n<p>На своем сайте, в соответствующем разделе, можно разместить необходимую информацию о свободных вакансиях фирмы. Интернет становится одним из эффективнейших средств для сбора информации о специалистах.</p>\r\n\r\n<p>&nbsp;</p>\r\n\r\n<h3>Подводя итог</h3>\r\n\r\n<p>Бросить все и просто &laquo;переехать&raquo; в интернет на новый сайт не получится. <strong>Обладание сайтом не должно ограничиваться лишь тем, что он у вас просто есть</strong>. Много вещей, которые должны быть сделаны, прежде чем начнется рост.</p>\r\n\r\n<p>Разработать сайт надо так, чтобы он имел хороший фундамент, производил хорошее впечатление на потенциальных клиентов не только внешней красотой, но и был удобным и понятным. Для выполнения этих задач <strong>сайт должен быть технически грамотно спроектирован</strong>.</p>\r\n\r\n<p>Веб-студия &ldquo;Bytehouse&rdquo; <strong>специализируется на создании и продвижении эффективных сайтов</strong>, направленных, в первую очередь, на увеличение конверсии, а значит и прибыли для вашего бизнеса.</p>\r\n\r\n<p><strong>Мы предлагаем профессиональный подход</strong>, отвечающий требованиям именно вашего направления деятельности.&nbsp;</p>\r\n\r\n<p><strong>Над сайтом трудится целая команда специалистов</strong>, которая включает в себя маркетолога, работающего над юзабилити сайта и выявлением потребностей вашей целевой аудитории, превращая посетителей в клиентов; дизайнера, прорабатывающего каждую деталь интерфейса и умело сочетающего красоту и гармоничность, а верстальщик и программист воплощают проект в жизнь, обеспечивая правильное отображение и функциональность.</p>\r\n\r\n<p><strong>Веб-студия готова помочь с продвижением вашего сайта</strong>, обеспечив ему лидирующие места в поисковой выдаче Яндекс и Google.</p>\r\n\r\n<p><strong>Работать с нами легко и комфортно</strong>. Мы нацелены на плодотворное и долгосрочное сотрудничество, именно поэтому мы всегда рады ответить на все ваши вопросы, научить и помочь управлять и наполнять сайт информацией!</p>\r\n\r\n<p><strong>Работая с нами Вы получаете:</strong></p>\r\n\r\n<ul>\r\n	<li>► Качественный, удобный и гармоничный сайт, соответствующий потребностям именно ВАШЕЙ сферы деятельности</li>\r\n	<li>►увеличение посещаемости сайта, а значит и увеличение количества клиентов</li>\r\n	<li>► увеличение продаж с сайта, а значит, увеличения вашей прибыли</li>\r\n	<li>► БЕСПЛАТНЫЕ Консультации по вопросам структуры и заполнения сайта ВСЕГДА! =)</li>\r\n</ul>\r\n\r\n<p>&nbsp;</p>\r\n\r\n<p>&nbsp;</p>\r\n', 'blog/article/logo/1287079634_e8_D0bVb1X.png', 1, 1, 'Итак, в данной статье мы приводим 10 причин, по которым бизнесу необходимо иметь сайт', 'blog/article/background/zachem-site.png', '', '', '', '');

-- --------------------------------------------------------

--
-- Структура таблицы `blog_article_tag`
--

CREATE TABLE `blog_article_tag` (
  `id` int(11) NOT NULL,
  `article_id` int(11) NOT NULL,
  `tags_id` int(11) NOT NULL
) ENGINE=InnoDB DEFAULT CHARSET=utf8 COLLATE=utf8_unicode_ci;

--
-- Дамп данных таблицы `blog_article_tag`
--

INSERT INTO `blog_article_tag` (`id`, `article_id`, `tags_id`) VALUES
(77, 1, 1),
(78, 1, 2),
(75, 3, 2),
(76, 3, 3),
(73, 4, 2),
(74, 4, 4),
(72, 5, 2),
(71, 6, 2);

-- --------------------------------------------------------

--
-- Структура таблицы `blog_author`
--

CREATE TABLE `blog_author` (
  `id` int(11) NOT NULL,
  `nickname` varchar(30) COLLATE utf8_unicode_ci NOT NULL,
  `firstname` varchar(30) COLLATE utf8_unicode_ci NOT NULL,
  `lastname` varchar(30) COLLATE utf8_unicode_ci NOT NULL,
  `avatar` varchar(100) COLLATE utf8_unicode_ci NOT NULL,
  `contact` varchar(100) COLLATE utf8_unicode_ci NOT NULL
) ENGINE=InnoDB DEFAULT CHARSET=utf8 COLLATE=utf8_unicode_ci;

--
-- Дамп данных таблицы `blog_author`
--

INSERT INTO `blog_author` (`id`, `nickname`, `firstname`, `lastname`, `avatar`, `contact`) VALUES
(1, 'Bytehouse', '', '', 'blog/author/logo2.png', '');

-- --------------------------------------------------------

--
-- Структура таблицы `blog_comments`
--

CREATE TABLE `blog_comments` (
  `id` int(11) NOT NULL,
  `nickname` varchar(30) COLLATE utf8_unicode_ci NOT NULL,
  `email` varchar(254) COLLATE utf8_unicode_ci NOT NULL,
  `date` datetime NOT NULL,
  `text` longtext COLLATE utf8_unicode_ci NOT NULL,
  `article_id` int(11) NOT NULL
) ENGINE=InnoDB DEFAULT CHARSET=utf8 COLLATE=utf8_unicode_ci;

-- --------------------------------------------------------

--
-- Структура таблицы `blog_subscribers`
--

CREATE TABLE `blog_subscribers` (
  `id` int(11) NOT NULL,
  `email` varchar(50) COLLATE utf8_unicode_ci NOT NULL
) ENGINE=InnoDB DEFAULT CHARSET=utf8 COLLATE=utf8_unicode_ci;

--
-- Дамп данных таблицы `blog_subscribers`
--

INSERT INTO `blog_subscribers` (`id`, `email`) VALUES
(2, 'gmn1791@gmail.com'),
(3, 'asipipi@gmail.com');

-- --------------------------------------------------------

--
-- Структура таблицы `blog_tags`
--

CREATE TABLE `blog_tags` (
  `id` int(11) NOT NULL,
  `title` varchar(50) COLLATE utf8_unicode_ci NOT NULL,
  `slug` varchar(150) COLLATE utf8_unicode_ci NOT NULL
) ENGINE=InnoDB DEFAULT CHARSET=utf8 COLLATE=utf8_unicode_ci;

--
-- Дамп данных таблицы `blog_tags`
--

INSERT INTO `blog_tags` (`id`, `title`, `slug`) VALUES
(1, 'Юзабилити', 'usability'),
(2, 'Советы', 'sovety'),
(3, 'Продвижение сайтов', 'prodvizhenie-sajtov'),
(4, 'Web-дизайн', 'web-design');

-- --------------------------------------------------------

--
-- Структура таблицы `django_admin_log`
--

CREATE TABLE `django_admin_log` (
  `id` int(11) NOT NULL,
  `action_time` datetime NOT NULL,
  `object_id` longtext COLLATE utf8_unicode_ci,
  `object_repr` varchar(200) COLLATE utf8_unicode_ci NOT NULL,
  `action_flag` smallint(5) UNSIGNED NOT NULL,
  `change_message` longtext COLLATE utf8_unicode_ci NOT NULL,
  `content_type_id` int(11) DEFAULT NULL,
  `user_id` int(11) NOT NULL
) ENGINE=InnoDB DEFAULT CHARSET=utf8 COLLATE=utf8_unicode_ci;

--
-- Дамп данных таблицы `django_admin_log`
--

INSERT INTO `django_admin_log` (`id`, `action_time`, `object_id`, `object_repr`, `action_flag`, `change_message`, `content_type_id`, `user_id`) VALUES
(1, '2015-07-09 12:03:29', '1', 'Юзабилити', 1, '', 10, 2),
(2, '2015-07-09 12:04:06', '2', 'Советы', 1, '', 10, 2),
(3, '2015-07-09 12:10:02', '1', 'Эльвира Вологирова', 1, '', 9, 2),
(4, '2015-07-09 12:10:56', '1', '7 ошибок юзабилити, которые вы можете неосознанно допускать', 1, '', 11, 2),
(5, '2015-07-09 12:14:41', '1', '7 ошибок юзабилити, которые вы можете неосознанно допустить на своём сайте', 2, 'Изменен title.', 11, 2),
(6, '2015-07-09 12:23:55', '1', '7 ошибок юзабилити, которые вы можете неосознанно допустить на своём сайте', 2, 'Изменен text.', 11, 2),
(7, '2015-07-09 12:24:05', '1', '7 ошибок юзабилити, которые вы можете неосознанно допустить на своём сайте', 2, 'Изменен text.', 11, 2),
(8, '2015-07-09 12:27:01', '1', '7 ошибок юзабилити, которые вы можете неосознанно допустить на своём сайте', 2, 'Изменен text.', 11, 2),
(9, '2015-07-09 18:57:57', '1', '7 ошибок юзабилити, которые вы можете неосознанно допустить на своём сайте', 2, 'Изменен date и text.', 11, 2),
(10, '2015-07-10 11:41:43', '2', 'dfdf', 1, '', 11, 1),
(11, '2015-07-10 11:42:07', '2', 'dfdf', 3, '', 11, 1),
(12, '2015-07-10 12:47:24', '1', 'Bytehouse', 2, 'Изменен nickname, firstname, lastname и avatar.', 9, 2),
(13, '2015-07-10 13:12:24', '5', 'Эльвира', 3, '', 7, 1),
(14, '2015-07-10 13:12:24', '4', '', 3, '', 7, 1),
(15, '2015-07-10 13:12:24', '3', '', 3, '', 7, 1),
(16, '2015-07-10 13:12:24', '2', '1', 3, '', 7, 1),
(17, '2015-07-10 13:12:24', '1', 'dfgh', 3, '', 7, 1),
(18, '2015-07-10 13:13:30', '1', '7 ошибок юзабилити, которые вы можете неосознанно допустить на своём сайте', 2, 'Изменен shortText и text.', 11, 2),
(19, '2015-07-10 13:47:58', '1', '7 ошибок юзабилити, которые вы можете неосознанно допустить на своём сайте', 2, 'Изменен logo.', 11, 2),
(20, '2015-07-10 13:53:06', '1', '7 ошибок юзабилити, которые вы можете неосознанно допустить на своём сайте', 2, 'Изменен slug.', 11, 2),
(21, '2015-07-10 13:53:23', '1', '7 ошибок юзабилити, которые вы можете неосознанно допустить на своём сайте', 2, 'Ни одно поле не изменено.', 11, 2),
(22, '2015-07-10 15:40:13', '3', 'Продвижение сайтов', 1, '', 10, 2),
(23, '2015-07-10 15:41:33', '3', '4 стратегических ролей SEO-специалиста', 1, '', 11, 2),
(24, '2015-07-10 15:45:12', '3', '4 стратегических роли SEO-специалиста', 2, 'Изменен title и slug.', 11, 2),
(25, '2015-07-10 16:23:22', '4', 'Веб-дизайн и психологическое взаимодействие', 1, '', 11, 2),
(26, '2015-07-10 16:24:24', '4', 'Web-дизайн', 1, '', 10, 2),
(27, '2015-07-10 16:24:29', '4', 'Веб-дизайн и психологическое взаимодействие', 2, 'Изменен tag.', 11, 2),
(28, '2015-07-10 16:25:04', '4', 'Веб-дизайн и психологическое взаимодействие', 2, 'Изменен slug.', 11, 2),
(29, '2015-07-11 10:26:24', '5', '7 секретов страницы «О компании», которые важно знать', 1, '', 11, 2),
(30, '2015-07-11 10:29:30', '5', '7 секретов страницы «О компании», которые важно знать', 2, 'Изменен text.', 11, 2),
(31, '2015-07-11 10:59:23', '6', 'Зачем фирме нужен сайт?', 1, '', 11, 2),
(32, '2015-07-14 12:16:54', '1', 'dsfdsfdf@gfdf', 3, '', 13, 1),
(33, '2015-07-15 08:29:08', '4', 'Веб-дизайн и психологическое взаимодействие', 2, 'Изменен text и background.', 11, 2),
(34, '2015-07-22 05:10:20', '6', '123', 3, '', 7, 2),
(35, '2015-07-29 16:47:46', '9', 'багомед', 3, '', 7, 1),
(36, '2015-07-29 16:47:46', '8', 'багомед', 3, '', 7, 1),
(37, '2015-07-29 16:47:46', '7', 'багомед', 3, '', 7, 1),
(38, '2015-08-03 15:37:55', '1', 'Гарантия', 1, '', 14, 1),
(39, '2015-08-03 15:50:00', '1', 'Гарантии', 2, 'Изменен title и text.', 14, 2),
(40, '2015-08-03 15:50:44', '1', 'Гарантии', 2, 'Изменен text.', 14, 2),
(41, '2015-08-03 15:58:53', '1', 'Гарантии', 2, 'Изменен text.', 14, 2),
(42, '2015-08-03 16:03:49', '2', 'Политика конфиденциальности', 1, '', 14, 2),
(43, '2015-08-03 16:05:33', '3', 'Сотрудничество', 1, '', 14, 2),
(44, '2015-08-03 16:06:46', '3', 'Сотрудничество', 2, 'Изменен text.', 14, 2),
(45, '2015-08-14 13:27:03', '5', '7 секретов страницы «О компании»', 2, 'Изменен title, logo и background.', 11, 2),
(46, '2015-08-14 13:28:22', '5', 'Секреты страницы «О компании»', 2, 'Изменен title.', 11, 2),
(47, '2015-08-14 13:29:10', '5', 'Секреты страницы «О компании»', 2, 'Изменен shortText.', 11, 2),
(48, '2015-08-14 13:29:32', '5', 'Секреты страницы «О компании»', 2, 'Изменен shortText.', 11, 2),
(49, '2015-08-14 13:30:21', '4', 'Веб-дизайн и психологическое взаимодействие', 2, 'Изменен shortText.', 11, 2),
(50, '2015-08-14 13:34:33', '6', 'Зачем фирме нужен сайт?', 2, 'Изменен background.', 11, 2),
(51, '2015-08-14 13:34:45', '6', 'Зачем фирме нужен сайт?', 2, 'Изменен logo.', 11, 2),
(52, '2015-08-14 13:35:53', '6', 'Зачем фирме нужен сайт?', 2, 'Изменен logo.', 11, 2),
(53, '2015-08-14 13:50:16', '6', 'Зачем фирме нужен сайт?', 2, 'Изменен logo.', 11, 2),
(54, '2015-08-14 13:53:12', '4', 'Веб-дизайн и психологическое взаимодействие', 2, 'Изменен logo и background.', 11, 2),
(55, '2015-08-14 13:55:22', '4', 'Веб-дизайн и психологическое взаимодействие', 2, 'Изменен logo.', 11, 2),
(56, '2015-08-14 13:55:46', '4', 'Веб-дизайн и психологическое взаимодействие', 2, 'Изменен logo.', 11, 2),
(57, '2015-08-14 13:55:59', '6', 'Зачем фирме нужен сайт?', 2, 'Изменен logo.', 11, 2),
(58, '2015-08-14 13:58:12', '6', 'Зачем фирме нужен сайт?', 2, 'Изменен logo.', 11, 2),
(59, '2015-09-13 17:02:47', '3', 'sdfdsf', 3, '', 7, 2),
(60, '2015-09-14 10:23:02', '2', 'm', 3, '', 7, 2),
(61, '2015-09-14 10:23:02', '1', 'Геннадий Владимирович', 3, '', 7, 2),
(62, '2015-10-05 11:21:53', '5', 'Ислам', 3, '', 7, 2),
(63, '2015-10-05 11:21:53', '4', 'Патя', 3, '', 7, 2),
(64, '2015-10-06 12:58:37', '6', 'Зачем фирме нужен сайт?', 2, 'Изменен text.', 11, 2),
(65, '2015-10-06 13:14:34', '6', 'Зачем фирме нужен сайт?', 2, 'Изменен text.', 11, 2),
(66, '2015-10-06 13:30:22', '6', 'Зачем фирме нужен сайт?', 2, 'Изменен text.', 11, 2),
(67, '2015-10-09 17:32:43', '3', 'gmn1791@gmail.com', 3, '', 13, 2),
(68, '2015-10-10 12:02:17', '6', 'Зачем фирме нужен сайт?', 2, 'Изменен text.', 11, 2),
(69, '2015-10-10 12:04:06', '6', 'Зачем фирме нужен сайт?', 2, 'Изменен text.', 11, 2),
(70, '2015-10-10 12:04:47', '6', 'Зачем фирме нужен сайт?', 2, 'Изменен text.', 11, 2),
(71, '2015-10-10 12:05:16', '6', 'Зачем фирме нужен сайт?', 2, 'Изменен text.', 11, 2),
(72, '2015-10-10 12:05:31', '6', 'Зачем фирме нужен сайт?', 2, 'Изменен text.', 11, 2),
(73, '2015-10-10 12:07:22', '6', 'Зачем фирме нужен сайт?', 2, 'Изменен text.', 11, 2),
(74, '2015-10-10 12:10:13', '6', 'Зачем фирме создание сайта?', 2, 'Изменен title.', 11, 2),
(75, '2015-10-10 21:03:39', '4', 'Веб-дизайн и психологическое взаимодействие', 2, 'Изменен text.', 11, 2),
(76, '2015-10-10 21:14:47', '1', '7 ошибок юзабилити, которые вы можете неосознанно допустить', 2, 'Изменен title, text и background.', 11, 2),
(77, '2015-10-10 21:16:19', '5', 'Секреты страницы «О компании»', 2, 'Ни одно поле не изменено.', 11, 2),
(78, '2015-10-10 21:22:36', '3', '4 стратегических роли SEO-специалиста', 2, 'Изменен text и background.', 11, 2),
(79, '2015-10-14 12:37:03', '1', 'base', 1, '', 15, 3),
(80, '2015-10-14 13:28:30', '2', 'Главная', 1, '', 15, 3),
(81, '2015-10-14 13:28:50', '1', 'Базовая', 2, 'Изменен title, sort и meta_tags.', 15, 3),
(82, '2015-10-14 13:31:08', '2', 'Главная', 2, 'Изменен meta_title.', 15, 3),
(83, '2015-10-14 16:25:31', '3', 'Портфолио', 1, '', 15, 3),
(84, '2015-10-14 16:27:44', '2', 'Главная', 2, 'Изменен active.', 15, 3),
(85, '2015-10-14 16:28:55', '1', 'Базовая', 2, 'Изменен active.', 15, 3),
(86, '2015-10-14 16:28:55', '2', 'Главная', 2, 'Изменен active.', 15, 3),
(87, '2015-10-14 16:30:04', '4', 'Услуги', 1, '', 15, 3),
(88, '2015-10-14 16:33:51', '5', 'Блог', 1, '', 15, 3),
(89, '2015-10-14 16:34:18', '6', 'О нас', 1, '', 15, 3),
(90, '2015-10-14 16:34:35', '3', 'Портфолио', 2, 'Изменен sort.', 15, 3),
(91, '2015-10-14 16:34:35', '4', 'Услуги', 2, 'Изменен sort.', 15, 3),
(92, '2015-10-14 16:34:35', '5', 'Блог', 2, 'Изменен sort.', 15, 3),
(93, '2015-10-14 16:34:35', '6', 'О нас', 2, 'Изменен sort.', 15, 3),
(94, '2015-10-14 16:34:44', '4', 'Услуги', 2, 'Изменен active.', 15, 3),
(95, '2015-10-14 19:16:40', '7', 'Контакты', 1, '', 15, 3),
(96, '2015-10-14 19:21:59', '2', 'Главная', 2, 'Изменен content и post_content.', 15, 3),
(97, '2015-10-14 19:47:44', '3', 'Портфолио', 2, 'Изменен active.', 15, 3),
(98, '2015-10-14 19:47:44', '4', 'Услуги', 2, 'Изменен active.', 15, 3),
(99, '2015-10-14 19:47:44', '6', 'О нас', 2, 'Изменен active.', 15, 3),
(100, '2015-10-14 19:52:49', '3', 'Портфолио', 2, 'Изменен on.', 15, 3),
(101, '2015-10-14 19:52:49', '4', 'Услуги', 2, 'Изменен on.', 15, 3),
(102, '2015-10-14 19:52:49', '6', 'О нас', 2, 'Изменен on.', 15, 3),
(103, '2015-10-14 19:53:24', '3', 'Портфолио', 2, 'Ни одно поле не изменено.', 15, 3),
(104, '2015-10-14 19:53:45', '4', 'Услуги', 2, 'Изменен slug.', 15, 3),
(105, '2015-10-14 19:59:29', '7', 'Контакты', 2, 'Изменен slug.', 15, 3),
(106, '2015-10-15 12:01:10', '7', 'Контакты', 2, 'Изменен post_content.', 15, 3),
(107, '2015-10-15 12:02:52', '7', 'Контакты', 2, 'Изменен post_content и scripts.', 15, 3),
(108, '2015-10-15 12:04:00', '7', 'Контакты', 2, 'Изменен post_content.', 15, 3),
(109, '2015-10-15 12:09:03', '7', 'Контакты', 2, 'Изменен post_content и scripts.', 15, 3),
(110, '2015-10-15 12:52:12', '1', 'Гарантии', 2, 'Изменен sort.', 14, 3),
(111, '2015-10-15 12:52:12', '2', 'Политика конфиденциальности', 2, 'Изменен sort.', 14, 3),
(112, '2015-10-15 12:54:40', '4', 'Способы оплаты', 1, '', 14, 3),
(113, '2015-10-15 12:55:17', '5', 'Акции', 1, '', 14, 3),
(114, '2015-10-15 12:55:39', '6', 'Отзывы', 1, '', 14, 3),
(115, '2015-10-15 12:55:59', '7', 'Стоимость Услуг', 1, '', 14, 3),
(116, '2015-10-15 13:04:07', '1', 'Базовая', 2, 'Изменен on_menu.', 15, 3),
(117, '2015-10-15 13:04:07', '2', 'Главная', 2, 'Изменен on_menu.', 15, 3),
(118, '2015-10-15 13:04:07', '4', 'Услуги', 2, 'Изменен on_menu.', 15, 3),
(119, '2015-10-15 13:04:37', '4', 'Услуги', 2, 'Изменен on_menu и meta_title.', 15, 3),
(120, '2015-10-15 13:06:09', '1', 'Базовая', 2, 'Изменен scripts.', 15, 3),
(121, '2015-10-15 13:06:18', '3', 'Портфолио', 2, 'Изменен scripts.', 15, 3),
(122, '2015-10-15 13:06:28', '3', 'Портфолио', 2, 'Изменен scripts.', 15, 3),
(123, '2015-10-15 13:06:37', '5', 'Блог', 2, 'Изменен scripts.', 15, 3),
(124, '2015-10-15 13:07:04', '5', 'Блог', 2, 'Изменен scripts.', 15, 3),
(125, '2015-10-15 13:07:17', '1', 'Базовая', 2, 'Изменен scripts.', 15, 3),
(126, '2015-10-15 14:17:08', '6', 'Зачем фирме создание сайта?', 2, 'Ни одно поле не изменено.', 11, 3),
(127, '2015-10-15 14:17:36', '5', 'Секреты страницы «О компании»', 2, 'Ни одно поле не изменено.', 11, 3),
(128, '2015-10-15 14:18:15', '4', 'Веб-дизайн и психологическое взаимодействие', 2, 'Ни одно поле не изменено.', 11, 3),
(129, '2015-10-15 14:18:56', '3', '4 стратегических роли SEO-специалиста', 2, 'Ни одно поле не изменено.', 11, 3),
(130, '2015-10-15 14:19:34', '1', '7 ошибок юзабилити, которые вы можете неосознанно допустить', 2, 'Ни одно поле не изменено.', 11, 3);

-- --------------------------------------------------------

--
-- Структура таблицы `django_content_type`
--

CREATE TABLE `django_content_type` (
  `id` int(11) NOT NULL,
  `app_label` varchar(100) COLLATE utf8_unicode_ci NOT NULL,
  `model` varchar(100) COLLATE utf8_unicode_ci NOT NULL
) ENGINE=InnoDB DEFAULT CHARSET=utf8 COLLATE=utf8_unicode_ci;

--
-- Дамп данных таблицы `django_content_type`
--

INSERT INTO `django_content_type` (`id`, `app_label`, `model`) VALUES
(1, 'admin', 'logentry'),
(3, 'auth', 'group'),
(2, 'auth', 'permission'),
(4, 'auth', 'user'),
(11, 'blog', 'article'),
(9, 'blog', 'author'),
(12, 'blog', 'comments'),
(13, 'blog', 'subscribers'),
(10, 'blog', 'tags'),
(5, 'contenttypes', 'contenttype'),
(7, 'main', 'contactform'),
(15, 'main', 'pages'),
(14, 'main', 'staticpages'),
(6, 'sessions', 'session'),
(8, 'thumbnail', 'kvstore');

-- --------------------------------------------------------

--
-- Структура таблицы `django_migrations`
--

CREATE TABLE `django_migrations` (
  `id` int(11) NOT NULL,
  `app` varchar(255) COLLATE utf8_unicode_ci NOT NULL,
  `name` varchar(255) COLLATE utf8_unicode_ci NOT NULL,
  `applied` datetime NOT NULL
) ENGINE=InnoDB DEFAULT CHARSET=utf8 COLLATE=utf8_unicode_ci;

--
-- Дамп данных таблицы `django_migrations`
--

INSERT INTO `django_migrations` (`id`, `app`, `name`, `applied`) VALUES
(1, 'contenttypes', '0001_initial', '2015-07-01 13:26:16'),
(2, 'auth', '0001_initial', '2015-07-01 13:26:16'),
(3, 'admin', '0001_initial', '2015-07-01 13:26:16'),
(4, 'contenttypes', '0002_remove_content_type_name', '2015-07-01 13:26:16'),
(5, 'auth', '0002_alter_permission_name_max_length', '2015-07-01 13:26:16'),
(6, 'auth', '0003_alter_user_email_max_length', '2015-07-01 13:26:16'),
(7, 'auth', '0004_alter_user_username_opts', '2015-07-01 13:26:16'),
(8, 'auth', '0005_alter_user_last_login_null', '2015-07-01 13:26:17'),
(9, 'auth', '0006_require_contenttypes_0002', '2015-07-01 13:26:17'),
(10, 'main', '0001_initial', '2015-07-01 13:26:17'),
(11, 'sessions', '0001_initial', '2015-07-01 13:26:17'),
(12, 'blog', '0001_initial', '2015-07-09 11:14:08'),
(13, 'blog', '0002_auto_20150709_1414', '2015-07-09 11:14:08'),
(14, 'blog', '0002_auto_20150708_1545', '2015-07-14 09:52:27'),
(15, 'blog', '0003_auto_20150709_1134', '2015-07-14 10:17:05'),
(16, 'blog', '0004_auto_20150709_1135', '2015-07-14 10:17:05'),
(17, 'blog', '0005_auto_20150713_1802', '2015-07-14 10:17:05'),
(18, 'blog', '0006_auto_20150713_1840', '2015-07-14 10:17:05'),
(19, 'blog', '0007_auto_20150714_1307', '2015-07-14 10:17:06'),
(20, 'main', '0002_auto_20150713_1840', '2015-07-14 10:17:06'),
(21, 'main', '0003_auto_20150714_1307', '2015-07-14 10:17:06'),
(22, 'blog', '0008_auto_20150803_1805', '2015-08-03 15:30:24'),
(23, 'main', '0004_auto_20150803_1805', '2015-08-03 15:30:24'),
(24, 'blog', '0009_auto_20151013_1547', '2015-10-13 12:47:56'),
(25, 'main', '0005_auto_20151013_1715', '2015-10-13 14:15:24'),
(26, 'blog', '0010_auto_20151013_1717', '2015-10-13 14:17:15'),
(27, 'main', '0006_auto_20151014_1443', '2015-10-14 11:43:22'),
(28, 'main', '0007_auto_20151014_2231', '2015-10-14 19:31:57'),
(29, 'main', '0008_auto_20151015_1549', '2015-10-15 12:50:02'),
(30, 'main', '0009_auto_20151015_1553', '2015-10-15 12:53:31'),
(31, 'main', '0010_pages_on_menu', '2015-10-15 13:01:24');

-- --------------------------------------------------------

--
-- Структура таблицы `django_session`
--

CREATE TABLE `django_session` (
  `session_key` varchar(40) COLLATE utf8_unicode_ci NOT NULL,
  `session_data` longtext COLLATE utf8_unicode_ci NOT NULL,
  `expire_date` datetime NOT NULL
) ENGINE=InnoDB DEFAULT CHARSET=utf8 COLLATE=utf8_unicode_ci;

--
-- Дамп данных таблицы `django_session`
--

INSERT INTO `django_session` (`session_key`, `session_data`, `expire_date`) VALUES
('02y037u3nbu3jsk0la1u1aannmbqgmo8', 'ZWY0NGZlNjZjM2ZlMjk4Y2E0NmIzNWRkYTMxNjE5NjJmMWI4ZTA5MDp7Il9hdXRoX3VzZXJfaGFzaCI6ImUzMTI4NGZlNDM5ZGRhY2QxNzk0MjBmMjY3OTBiOTE3OWU1NTRiZGEiLCJfYXV0aF91c2VyX2JhY2tlbmQiOiJkamFuZ28uY29udHJpYi5hdXRoLmJhY2tlbmRzLk1vZGVsQmFja2VuZCIsIl9hdXRoX3VzZXJfaWQiOiIzIn0=', '2015-10-27 12:55:36'),
('1i9bqn4m6whfpct39lur76mbwrnmx9f9', 'MmNlYWJiMTI4ZTA4NzhmNTA3MWFlZTMxZjk0M2E4NjAwZjY0ZjI0Yzp7Il9hdXRoX3VzZXJfaGFzaCI6ImMxYjUxMjQ5ODVkZmI3ZGRiMGVmNWNlNWZhZGFhYjA1YWQwNTcyYjYiLCJfYXV0aF91c2VyX2JhY2tlbmQiOiJkamFuZ28uY29udHJpYi5hdXRoLmJhY2tlbmRzLk1vZGVsQmFja2VuZCIsIl9hdXRoX3VzZXJfaWQiOiIyIn0=', '2015-07-25 11:14:45'),
('9fpltjc3vxgztb1g43gsyfdlfhhwpovc', 'MmNlYWJiMTI4ZTA4NzhmNTA3MWFlZTMxZjk0M2E4NjAwZjY0ZjI0Yzp7Il9hdXRoX3VzZXJfaGFzaCI6ImMxYjUxMjQ5ODVkZmI3ZGRiMGVmNWNlNWZhZGFhYjA1YWQwNTcyYjYiLCJfYXV0aF91c2VyX2JhY2tlbmQiOiJkamFuZ28uY29udHJpYi5hdXRoLmJhY2tlbmRzLk1vZGVsQmFja2VuZCIsIl9hdXRoX3VzZXJfaWQiOiIyIn0=', '2015-09-28 10:21:49'),
('bryoqitfbr58hrjer98rh40sbnxla8a8', 'MmNlYWJiMTI4ZTA4NzhmNTA3MWFlZTMxZjk0M2E4NjAwZjY0ZjI0Yzp7Il9hdXRoX3VzZXJfaGFzaCI6ImMxYjUxMjQ5ODVkZmI3ZGRiMGVmNWNlNWZhZGFhYjA1YWQwNTcyYjYiLCJfYXV0aF91c2VyX2JhY2tlbmQiOiJkamFuZ28uY29udHJpYi5hdXRoLmJhY2tlbmRzLk1vZGVsQmFja2VuZCIsIl9hdXRoX3VzZXJfaWQiOiIyIn0=', '2015-09-03 14:06:10'),
('buf77efsk7r1woeijoof4f4ai7lxxaay', 'MmNlYWJiMTI4ZTA4NzhmNTA3MWFlZTMxZjk0M2E4NjAwZjY0ZjI0Yzp7Il9hdXRoX3VzZXJfaGFzaCI6ImMxYjUxMjQ5ODVkZmI3ZGRiMGVmNWNlNWZhZGFhYjA1YWQwNTcyYjYiLCJfYXV0aF91c2VyX2JhY2tlbmQiOiJkamFuZ28uY29udHJpYi5hdXRoLmJhY2tlbmRzLk1vZGVsQmFja2VuZCIsIl9hdXRoX3VzZXJfaWQiOiIyIn0=', '2015-10-02 07:27:55'),
('bx2c72h3j78llle1azi68ewwb24uotfn', 'MmNlYWJiMTI4ZTA4NzhmNTA3MWFlZTMxZjk0M2E4NjAwZjY0ZjI0Yzp7Il9hdXRoX3VzZXJfaGFzaCI6ImMxYjUxMjQ5ODVkZmI3ZGRiMGVmNWNlNWZhZGFhYjA1YWQwNTcyYjYiLCJfYXV0aF91c2VyX2JhY2tlbmQiOiJkamFuZ28uY29udHJpYi5hdXRoLmJhY2tlbmRzLk1vZGVsQmFja2VuZCIsIl9hdXRoX3VzZXJfaWQiOiIyIn0=', '2015-09-29 14:49:57'),
('dbt97py8drsqgqi3u33tel4q3c794nd7', 'MmNlYWJiMTI4ZTA4NzhmNTA3MWFlZTMxZjk0M2E4NjAwZjY0ZjI0Yzp7Il9hdXRoX3VzZXJfaGFzaCI6ImMxYjUxMjQ5ODVkZmI3ZGRiMGVmNWNlNWZhZGFhYjA1YWQwNTcyYjYiLCJfYXV0aF91c2VyX2JhY2tlbmQiOiJkamFuZ28uY29udHJpYi5hdXRoLmJhY2tlbmRzLk1vZGVsQmFja2VuZCIsIl9hdXRoX3VzZXJfaWQiOiIyIn0=', '2015-07-23 18:57:38'),
('ekoojpcpm7ehfazh0ayd5chsx67j3461', 'MmNlYWJiMTI4ZTA4NzhmNTA3MWFlZTMxZjk0M2E4NjAwZjY0ZjI0Yzp7Il9hdXRoX3VzZXJfaGFzaCI6ImMxYjUxMjQ5ODVkZmI3ZGRiMGVmNWNlNWZhZGFhYjA1YWQwNTcyYjYiLCJfYXV0aF91c2VyX2JhY2tlbmQiOiJkamFuZ28uY29udHJpYi5hdXRoLmJhY2tlbmRzLk1vZGVsQmFja2VuZCIsIl9hdXRoX3VzZXJfaWQiOiIyIn0=', '2015-07-23 11:37:59'),
('hvn1fln16s367vaty01p7m4p49x37nrn', 'MmNlYWJiMTI4ZTA4NzhmNTA3MWFlZTMxZjk0M2E4NjAwZjY0ZjI0Yzp7Il9hdXRoX3VzZXJfaGFzaCI6ImMxYjUxMjQ5ODVkZmI3ZGRiMGVmNWNlNWZhZGFhYjA1YWQwNTcyYjYiLCJfYXV0aF91c2VyX2JhY2tlbmQiOiJkamFuZ28uY29udHJpYi5hdXRoLmJhY2tlbmRzLk1vZGVsQmFja2VuZCIsIl9hdXRoX3VzZXJfaWQiOiIyIn0=', '2015-10-20 12:57:02'),
('i39wcn9opguhdjt0l0ep4tmninlkhjru', 'MmNlYWJiMTI4ZTA4NzhmNTA3MWFlZTMxZjk0M2E4NjAwZjY0ZjI0Yzp7Il9hdXRoX3VzZXJfaGFzaCI6ImMxYjUxMjQ5ODVkZmI3ZGRiMGVmNWNlNWZhZGFhYjA1YWQwNTcyYjYiLCJfYXV0aF91c2VyX2JhY2tlbmQiOiJkamFuZ28uY29udHJpYi5hdXRoLmJhY2tlbmRzLk1vZGVsQmFja2VuZCIsIl9hdXRoX3VzZXJfaWQiOiIyIn0=', '2015-10-19 11:21:14'),
('k22o2ynag7bqyinr6tosgt2fs1kgkylb', 'MmNlYWJiMTI4ZTA4NzhmNTA3MWFlZTMxZjk0M2E4NjAwZjY0ZjI0Yzp7Il9hdXRoX3VzZXJfaGFzaCI6ImMxYjUxMjQ5ODVkZmI3ZGRiMGVmNWNlNWZhZGFhYjA1YWQwNTcyYjYiLCJfYXV0aF91c2VyX2JhY2tlbmQiOiJkamFuZ28uY29udHJpYi5hdXRoLmJhY2tlbmRzLk1vZGVsQmFja2VuZCIsIl9hdXRoX3VzZXJfaWQiOiIyIn0=', '2015-10-03 11:49:46'),
('mge44p05jzonbxhbg64d4h3xgdo11o6x', 'MmNlYWJiMTI4ZTA4NzhmNTA3MWFlZTMxZjk0M2E4NjAwZjY0ZjI0Yzp7Il9hdXRoX3VzZXJfaGFzaCI6ImMxYjUxMjQ5ODVkZmI3ZGRiMGVmNWNlNWZhZGFhYjA1YWQwNTcyYjYiLCJfYXV0aF91c2VyX2JhY2tlbmQiOiJkamFuZ28uY29udHJpYi5hdXRoLmJhY2tlbmRzLk1vZGVsQmFja2VuZCIsIl9hdXRoX3VzZXJfaWQiOiIyIn0=', '2015-08-17 15:45:41'),
('nu78lsbhujlu59sff5k92zx1vxmwg9tk', 'MmNlYWJiMTI4ZTA4NzhmNTA3MWFlZTMxZjk0M2E4NjAwZjY0ZjI0Yzp7Il9hdXRoX3VzZXJfaGFzaCI6ImMxYjUxMjQ5ODVkZmI3ZGRiMGVmNWNlNWZhZGFhYjA1YWQwNTcyYjYiLCJfYXV0aF91c2VyX2JhY2tlbmQiOiJkamFuZ28uY29udHJpYi5hdXRoLmJhY2tlbmRzLk1vZGVsQmFja2VuZCIsIl9hdXRoX3VzZXJfaWQiOiIyIn0=', '2015-10-03 11:10:19'),
('rwl4sb9pemg8o22srcv6p53fvy3fknyd', 'MmNlYWJiMTI4ZTA4NzhmNTA3MWFlZTMxZjk0M2E4NjAwZjY0ZjI0Yzp7Il9hdXRoX3VzZXJfaGFzaCI6ImMxYjUxMjQ5ODVkZmI3ZGRiMGVmNWNlNWZhZGFhYjA1YWQwNTcyYjYiLCJfYXV0aF91c2VyX2JhY2tlbmQiOiJkamFuZ28uY29udHJpYi5hdXRoLmJhY2tlbmRzLk1vZGVsQmFja2VuZCIsIl9hdXRoX3VzZXJfaWQiOiIyIn0=', '2015-10-21 11:10:20'),
('tg2crgyk9zsmc2kubxtcjt3fhqmsmro6', 'MmNlYWJiMTI4ZTA4NzhmNTA3MWFlZTMxZjk0M2E4NjAwZjY0ZjI0Yzp7Il9hdXRoX3VzZXJfaGFzaCI6ImMxYjUxMjQ5ODVkZmI3ZGRiMGVmNWNlNWZhZGFhYjA1YWQwNTcyYjYiLCJfYXV0aF91c2VyX2JhY2tlbmQiOiJkamFuZ28uY29udHJpYi5hdXRoLmJhY2tlbmRzLk1vZGVsQmFja2VuZCIsIl9hdXRoX3VzZXJfaWQiOiIyIn0=', '2015-10-17 07:49:51'),
('v1gjfac5m3bkx547pz544e1auo05oguv', 'MmNlYWJiMTI4ZTA4NzhmNTA3MWFlZTMxZjk0M2E4NjAwZjY0ZjI0Yzp7Il9hdXRoX3VzZXJfaGFzaCI6ImMxYjUxMjQ5ODVkZmI3ZGRiMGVmNWNlNWZhZGFhYjA1YWQwNTcyYjYiLCJfYXV0aF91c2VyX2JhY2tlbmQiOiJkamFuZ28uY29udHJpYi5hdXRoLmJhY2tlbmRzLk1vZGVsQmFja2VuZCIsIl9hdXRoX3VzZXJfaWQiOiIyIn0=', '2015-09-27 17:00:35'),
('v7vz7g69t0hde6eaf5lfsq1d58jtv066', 'ZWU3MzMyZTYzMTU2MzE2ZWQwMTUwYzg3OGVkZjllYTg5MjhjN2ZiZTp7Il9hdXRoX3VzZXJfaGFzaCI6IjZhMzQzMDE2ODMwY2VjMTZlNTVmNzU4ZWVlYTMwZDdjOWZhM2UwYWUiLCJfYXV0aF91c2VyX2JhY2tlbmQiOiJkamFuZ28uY29udHJpYi5hdXRoLmJhY2tlbmRzLk1vZGVsQmFja2VuZCIsIl9hdXRoX3VzZXJfaWQiOiIxIn0=', '2015-07-15 13:27:19'),
('v9nii3ulpxy86bhai5itq1td5cky7ffj', 'ZWU3MzMyZTYzMTU2MzE2ZWQwMTUwYzg3OGVkZjllYTg5MjhjN2ZiZTp7Il9hdXRoX3VzZXJfaGFzaCI6IjZhMzQzMDE2ODMwY2VjMTZlNTVmNzU4ZWVlYTMwZDdjOWZhM2UwYWUiLCJfYXV0aF91c2VyX2JhY2tlbmQiOiJkamFuZ28uY29udHJpYi5hdXRoLmJhY2tlbmRzLk1vZGVsQmFja2VuZCIsIl9hdXRoX3VzZXJfaWQiOiIxIn0=', '2015-09-14 13:55:55'),
('xkwa3jw00fkllh0fqskpc6vsx2o9cacu', 'ZWU3MzMyZTYzMTU2MzE2ZWQwMTUwYzg3OGVkZjllYTg5MjhjN2ZiZTp7Il9hdXRoX3VzZXJfaGFzaCI6IjZhMzQzMDE2ODMwY2VjMTZlNTVmNzU4ZWVlYTMwZDdjOWZhM2UwYWUiLCJfYXV0aF91c2VyX2JhY2tlbmQiOiJkamFuZ28uY29udHJpYi5hdXRoLmJhY2tlbmRzLk1vZGVsQmFja2VuZCIsIl9hdXRoX3VzZXJfaWQiOiIxIn0=', '2015-08-11 09:43:07'),
('zcyknsz7s3v6hk5fynvl46ahtctejtg8', 'MmNlYWJiMTI4ZTA4NzhmNTA3MWFlZTMxZjk0M2E4NjAwZjY0ZjI0Yzp7Il9hdXRoX3VzZXJfaGFzaCI6ImMxYjUxMjQ5ODVkZmI3ZGRiMGVmNWNlNWZhZGFhYjA1YWQwNTcyYjYiLCJfYXV0aF91c2VyX2JhY2tlbmQiOiJkamFuZ28uY29udHJpYi5hdXRoLmJhY2tlbmRzLk1vZGVsQmFja2VuZCIsIl9hdXRoX3VzZXJfaWQiOiIyIn0=', '2015-10-01 10:16:25');

-- --------------------------------------------------------

--
-- Структура таблицы `main_contactform`
--

CREATE TABLE `main_contactform` (
  `id` int(11) NOT NULL,
  `name` varchar(100) COLLATE utf8_unicode_ci NOT NULL,
  `tel` varchar(20) COLLATE utf8_unicode_ci NOT NULL,
  `email` varchar(50) COLLATE utf8_unicode_ci NOT NULL,
  `desc` longtext COLLATE utf8_unicode_ci NOT NULL,
  `date` datetime NOT NULL
) ENGINE=InnoDB DEFAULT CHARSET=utf8 COLLATE=utf8_unicode_ci;

-- --------------------------------------------------------

--
-- Структура таблицы `main_pages`
--

CREATE TABLE `main_pages` (
  `id` int(11) NOT NULL,
  `title` varchar(100) COLLATE utf8_bin NOT NULL,
  `slug` varchar(100) COLLATE utf8_bin NOT NULL,
  `active` tinyint(1) NOT NULL,
  `sort` smallint(6) NOT NULL,
  `template` varchar(100) COLLATE utf8_bin NOT NULL,
  `content` longtext COLLATE utf8_bin NOT NULL,
  `post_content` longtext COLLATE utf8_bin NOT NULL,
  `meta_title` varchar(200) COLLATE utf8_bin NOT NULL,
  `meta_keywords` varchar(1000) COLLATE utf8_bin NOT NULL,
  `meta_description` longtext COLLATE utf8_bin NOT NULL,
  `meta_tags` longtext COLLATE utf8_bin NOT NULL,
  `scripts` longtext COLLATE utf8_bin NOT NULL,
  `on` tinyint(1) NOT NULL,
  `on_menu` tinyint(1) NOT NULL
) ENGINE=InnoDB DEFAULT CHARSET=utf8 COLLATE=utf8_bin;

--
-- Дамп данных таблицы `main_pages`
--

INSERT INTO `main_pages` (`id`, `title`, `slug`, `active`, `sort`, `template`, `content`, `post_content`, `meta_title`, `meta_keywords`, `meta_description`, `meta_tags`, `scripts`, `on`, `on_menu`) VALUES
(1, 'Базовая', 'base', 0, 0, 'index.html', '', '', '', '', '', '<meta name="robots" content="all">', '', 0, 0),
(2, 'Главная', 'home', 1, 1, 'index.html', ' <h1><span>Создание сайтов</span></h1>\r\n        <span>Разработка Стратегии продвижения</span><br>\r\n        <span>Долгосрочная поддержка сайтов</span>', '<section class="main__content">\r\n<div class="container">\r\n<div class="row">\r\n<div class="col-md-10">\r\n<div class="main__content-article">\r\n<h3>Веб-студия полного цикла, работающая по гибкой методологии.</h3>\r\n\r\n<h4>Какие преимущества дает работа с нами?</h4>\r\n\r\n<ul>\r\n	<li><strong>Создание сайтов</strong> происходит быстро, за счет командной работы.</li>\r\n	<li>Гибкость. Возможность изменений требований заказчика на ходу.</li>\r\n	<li>Прозрачность и полный контроль над процессом работы.</li>\r\n</ul>\r\n\r\n<h4>Вы можете вносить необходимые поправки в проект, прямо по ходу разработки.</h4>\r\n\r\n<p>Это дает вам большие преимущества, в отличии от подавляющего количества веб-студий, которые отказываются отходить от начального плана, после того, как вы поставите подпись в техническом задании.<br />\r\nКак?</p>\r\n\r\n<h4>Разработка сайтов проходит поэтапно.</h4>\r\n\r\n<p>Разрабатываем сначала наиболее важный функционал. Затем, берем менее приоритетные функции, и так далее. Шаг за шагом, мы развиваем ваш проект. Вы сами решаете, какие этапы будут первостепенными, а какие будут прорабатываться в последнюю очередь. Можете что-то менять в задании, добавлять или убирать &mdash; прямо в процессе работы.</p>\r\n\r\n<h4>Почему это важно?</h4>\r\n\r\n<p>Зачастую, обращаясь в веб-студию за <strong>созданием сайта</strong>, заказчик не вполне точно представляет что ему нужно. Мы помогаем ему определиться с требованиями, обыгрываем множество различных ситуаций и в ходе собеседования расставляем вместе с заказчиком цели проекта и приоритеты, от которых будем отталкиваться в процессе разработки. Запустив базовую версию и подключив системы аналитики, мы решаем сразу несколько задач:</p>\r\n\r\n<p><b>Начинаем окупать ваши расходы</b>, максимально быстро запустив проект. На этом этапе уже можно начинать рекламную компанию и продвигать сайт в поисковых системах.</p>\r\n\r\n<p>С помощью аналитики, <b>определяем сильные и слабые стороны создаваемого сайта</b>, собираем материал для анализа и оптимизации на следующем этапе разработки.<br />\r\nСпособствуем получению именно того продукта, который вам нужен.</p>\r\n\r\n<p>Веб-студия предлагает Создание сайтов и превращение их в эффективный инструмент продаж.</p>\r\n\r\n<p>Веб-студия &laquo;Bytehouse&raquo; &mdash; для тех, кто ищет толковую команду, которая:<br />\r\nРазработает вместе с вами коммерчески успешные и востребованные проекты.<br />\r\nВоплотит в жизнь ваши инновационные идеи web-сервисов.<br />\r\nЗаймется развитием и продвижением интернет-проектов.</p>\r\n\r\n<p><b>То, на что у других уйдут месяцы, мы сделаем за недели!</b></p>\r\n</div>\r\n</div>\r\n\r\n<div class="col-md-6">\r\n<div class="main__content-sidebar">\r\n<div class="main__content-calc">\r\n<p class="main__content-calc-opis">Проведем расчет стоимости создания сайта</p>\r\n<a class="main__content-calc-button" href="#contact-form">получить</a></div>\r\n\r\n<div class="main__content-dignity">\r\n<ul>\r\n	<li>Мы не пользуемся конструкторами сайтов и пишем код сами</li>\r\n	<li>Всегда готовы к диалогу</li>\r\n	<li>Соблюдаем веб-стандарты</li>\r\n	<li>Ценим своё и чужое время</li>\r\n	<li>Ревностно относимся к качеству выполняемой работы</li>\r\n	<li>Делаем адаптивные сайты, выглядящие красиво на всех устройствах</li>\r\n	<li>Наши сайты дешевле продвигать. Специалисты веб-студии соблюдают рекомендации поисковых систем, что способствует высокой оценке сайтов</li>\r\n</ul>\r\n</div>\r\n</div>\r\n</div>\r\n</div>\r\n</div>\r\n</section>\r\n\r\n<section class="main__services" id="services">\r\n<h2>НАШИ УСЛУГИ</h2>\r\n\r\n<div class="main__services-wrap">\r\n<div class="main__services-item">\r\n<h3>Создание сайтов</h3>\r\n<img alt="создание сайтов в Махачкале" src="/static/img/services-site-dev.svg" title="Создание сайтов в Махачкале" />\r\n<p>Сайты любой сложности и для любых целей. От имиджевых, до крупных интернет-порталов и магазинов</p>\r\n</div>\r\n\r\n<div class="main__services-item">\r\n<h3>Веб-сервисы и стартапы</h3>\r\n<img alt="Веб-сервисы и стартапы в Махачкале" src="/static/img/services-web-service.svg" title="Веб-сервисы и стартапы" />\r\n<p>Реализуем вместе с вами нестандартные идеи и проявим себя надежными партнерами</p>\r\n</div>\r\n\r\n<div class="main__services-item">\r\n<h3>Техническая поддержка</h3>\r\n<img alt="Техническая поддержка и создание сайтов" src="/static/img/services-tech-support.svg" title="Техническая поддержка и создание сайтов" />\r\n<p>Берем под опеку и обеспечиваем бесперебойную работу сайтов</p>\r\n</div>\r\n\r\n<div class="main__services-item">\r\n<h3>Поисковое продвижение</h3>\r\n<img alt="Поисковое продвижение сайтов в Махачкале" src="/static/img/services-seo.svg" title="Продвижение сайтов" />\r\n<p>Повысим позиции сайта в поисковой выдаче и сформируем семантическое ядро</p>\r\n</div>\r\n\r\n<div class="main__services-item">\r\n<h3>Айдентика</h3>\r\n<img alt="Создание логотипа и фирменного стиля" src="/static/img/services-identity.svg" title="Создание логотипа и фирменного стиля" />\r\n<p>Продумываем и создаем свежие и понятные визуальные образы вашей компании</p>\r\n</div>\r\n\r\n<div class="main__services-item">\r\n<h3>Адаптивные сайты</h3>\r\n<img alt="адаптивные сайты" src="/static/img/services-adaptive.svg" title="адаптивные сайты" />\r\n<p>Обеспечиваем удобство использования на всех типах устройств</p>\r\n</div>\r\n\r\n<div class="main__services-item">\r\n<h3>Контекстная реклама</h3>\r\n<img alt="Контекстная реклама в Махачкале" src="/static/img/services-ad.svg" title="Контекстная реклама в Махачкале" />\r\n<p>Повышаем продажи сайтов с помощью рекламных сетей Яndex и Google</p>\r\n</div>\r\n\r\n<div class="main__services-item">\r\n<h3>Реанимация сайтов</h3>\r\n<img alt="реанимация сайтов в веб-студии" src="/static/img/services-reanim-sites.svg" title="реанимация сайтов в веб-студии" />\r\n<p>Проводим комплекс мер по спасению неэффективных web-проектов</p>\r\n</div>\r\n</div>\r\n</section>\r\n', 'Создание сайтов', 'Создание сайтов, Веб-студия', 'Веб-студия предлагает Создание сайтов и превращение их в эффективный инструмент продаж. Проведем расчет стоимости создания сайта', ' <meta name="google-site-verification" content="5Wd1QsYjc24VF-DG6sVdLRLAOg_sBaC0qcpCNzsgh64" />\r\n    <meta name="geo.position" content="42.962439;47.512893">\r\n    <meta property="place:location:latitude" content="42.962439">\r\n    <meta property="place:location:longitude" content="47.512893">\r\n    <meta property="business:contact_data:street_address" content="пр. Гамидова, 18д">\r\n    <meta property="business:contact_data:locality" content="Махачкала">\r\n    <meta property="business:contact_data:postal_code" content="367013">\r\n    <meta property="business:contact_data:country_name" content="Россия">\r\n    <meta property="business:contact_data:email" content="hello@bytehouse.ru">\r\n    <meta property="business:contact_data:phone_number" content="+78722919564">\r\n    <meta property="business:contact_data:website" content="http://bytehouse.ru">\r\n    <link rel="canonical" href="//bytehouse.ru">\r\n\r\n    <meta property="og:title" content="Создание сайтов | Веб-студия Bytehouse">\r\n    <meta property="og:site_name" content="Создание сайтов | Веб-студия Bytehouse">\r\n    <meta property="og:image" content="{% static ''img/logo.svg'' %}">\r\n    <meta property="og:description" content="Веб-студия предлагает Создание сайтов и превращение их в эффективный инструмент продаж. Проведем расчет стоимости создания сайта">\r\n    <meta property="og:type" content="website">\r\n    <meta property="og:type" content="website">\r\n    <meta property="og:url" content="http://bytehouse.ru">\r\n\r\n    <meta name="twitter:card" content="summary">\r\n    <meta name="twitter:site" content="@byte_house">\r\n    <meta name="twitter:creator" content="@byte_house">\r\n    <meta name="twitter:image" content="{% static ''img/logo.svg'' %}">\r\n    <meta name="twitter:title" content="Создание сайтов | Веб-студия Bytehouse">\r\n    <meta name="twitter:description" content="Веб-студия предлагает Создание сайтов и превращение их в эффективный инструмент продаж. Проведем расчет стоимости создания сайта">', '', 0, 0),
(3, 'Портфолио', 'portfolio', 1, 2, 'default.html', '', '', 'Портфолио', '', '', '', '', 1, 1),
(4, 'Услуги', 'services', 1, 3, 'default.html', '', '', 'Услуги', '', '', '', '', 1, 1),
(5, 'Блог', 'blog', 1, 4, 'blog/blog_index.html', '', '', 'Блог', '', '', '', '', 0, 1),
(6, 'О нас', 'o-nas', 1, 5, 'default.html', '', '', 'О нас', '', '', '', '', 1, 1),
(7, 'Контакты', 'contacts', 1, 6, 'contacts.html', '<h1>Контакты студии &ldquo;Bytehouse&rdquo;</h1>\r\n\r\n<div class="col-md-8 pagecontacts-contenttop-left">\r\n<h4>Звоните нам на любой из этих номеров:</h4>\r\n\r\n<div class="pagecontacts-contenttop-left_table">\r\n<div class="pagecontacts-contenttop-left_table1">\r\n<ul class="pagecontacts-contenttop-left_tableleft">\r\n	<li>Отдел продаж:</li>\r\n</ul>\r\n\r\n<ul class="pagecontacts-contenttop-left_tableright">\r\n	<li class="mt20">+7 (8722) 91-95-64</li>\r\n</ul>\r\n</div>\r\n\r\n<div class="pagecontacts-contenttop-left_table2">\r\n<ul class="pagecontacts-contenttop-left_tableleft">\r\n	<li>Whatsapp:</li>\r\n	<li>Служба поддержки:</li>\r\n</ul>\r\n\r\n<ul class="pagecontacts-contenttop-left_tableright">\r\n	<li>+7 (988) 291-95-64</li>\r\n	<li><a href="skype:bytehouse.ru">bytehouse.ru</a></li>\r\n</ul>\r\n</div>\r\n\r\n<div class="pagecontacts-contenttop-left_table3">\r\n<ul class="pagecontacts-contenttop-left_tableleft">\r\n	<li>Электронная почта:</li>\r\n	<li>Вконтакте:</li>\r\n</ul>\r\n\r\n<ul class="pagecontacts-contenttop-left_tableright">\r\n	<li><a href="mailto:hello@bytehouse.ru">hello@bytehouse.ru</a></li>\r\n	<li class="mt20"><a href="//vk.com/bytehouse" rel="nofollow" target="_blank">vk.com/bytehouse</a></li>\r\n</ul>\r\n</div>\r\n</div>\r\n\r\n<h5>Наши аккаунты в соц. сетях:</h5>\r\n\r\n<div class="pagecontacts-contenttop-left-social">&nbsp;</div>\r\n</div>\r\n', '<div class="pagecontacts-contentcenter">\r\n<div class="container">\r\n<div class="row">\r\n<div class="col-md-9">\r\n<h3>Будем рады видеть вас в офисе веб-студии</h3>\r\n\r\n<h4>Наш адрес:</h4>\r\n\r\n<p>367013, г. Махачкала, проспект Гамидова, 18 &quot;Д&quot; (4 этаж)</p>\r\n\r\n<p>Мы работаем с понедельника по субботу с <b>9:00</b> по <b>19:00</b></p>\r\n</div>\r\n\r\n<div class="col-md-7"></div>\r\n</div>\r\n</div>\r\n</div>\r\n\r\n<div class="container pagecontacts-maps">\r\n<h3 id="schema">Как добраться:</h3>\r\n\r\n<p>Первым делом, вам необходимо добраться до пересечения улицы Ирчи Казака и проспекта Гамидова. Необходимо перейти на ту сторону, где стоят многоэтажные торговые центры. Ищем торговый дом &laquo;Континенталь&raquo; (третий подъезд от светофора). Заходим и преодолеваем 87 ступенек на 4 этаж, либо добираемся на лифте за 17 секунд.</p>\r\n\r\n<h4>Наши контакты на картах:</h4>\r\n\r\n<div class="pagecontacts-maps-map" id="map">&nbsp;</div>\r\n\r\n<div class="pagecontacts-gallery"><img alt="" src="/static/img/contacts/maps-img1.jpg" title="" /> <img alt="" src="/static/img/contacts/maps-img2.jpg" title="" /> <img alt="" src="/static/img/contacts/maps-img3.jpg" title="" /> <img alt="" src="/static/img/contacts/maps-img4.jpg" title="" /></div>\r\n</div>\r\n', 'Контакты', '', '', '', '<script src="https://api-maps.yandex.ru/2.1/?lang=ru_RU&load=Map,Placemark"></script><script>\r\n  ymaps.ready(init);\r\n\r\n  function init(){\r\n\r\n    var map;\r\n\r\n    // Создание экземпляра карты и его привязка к созданному контейнеру\r\n    map = new ymaps.Map("map", {\r\n      center: [42.962439, 47.512893],\r\n      zoom: 16,\r\n      controls: []\r\n    });\r\n    // отключение зума скроллом\r\n    map.behaviors.disable(''scrollZoom'');\r\n\r\n    var marker;\r\n\r\n    // Создание стиля для значка метки\r\n    marker = new ymaps.Placemark([42.962439, 47.512893], {}, {\r\n      iconLayout: ''default#image'',\r\n      iconImageHref: ''/static/img/contacts/marker.png'',\r\n      iconImageSize: [44, 62],\r\n      iconImageOffset: [-22, -62]\r\n    });\r\n\r\n    map.geoObjects.add(marker);\r\n  }\r\n</script>', 0, 1);

-- --------------------------------------------------------

--
-- Структура таблицы `main_staticpages`
--

CREATE TABLE `main_staticpages` (
  `id` int(11) NOT NULL,
  `title` varchar(140) COLLATE utf8_unicode_ci NOT NULL,
  `url` varchar(200) COLLATE utf8_unicode_ci NOT NULL,
  `text` longtext COLLATE utf8_unicode_ci NOT NULL,
  `meta_description` longtext COLLATE utf8_unicode_ci NOT NULL,
  `meta_keywords` varchar(1000) COLLATE utf8_unicode_ci NOT NULL,
  `meta_tags` longtext COLLATE utf8_unicode_ci NOT NULL,
  `meta_title` varchar(200) COLLATE utf8_unicode_ci NOT NULL,
  `scripts` longtext COLLATE utf8_unicode_ci NOT NULL,
  `sort` smallint(6) NOT NULL,
  `on` tinyint(1) NOT NULL
) ENGINE=InnoDB DEFAULT CHARSET=utf8 COLLATE=utf8_unicode_ci;

--
-- Дамп данных таблицы `main_staticpages`
--

INSERT INTO `main_staticpages` (`id`, `title`, `url`, `text`, `meta_description`, `meta_keywords`, `meta_tags`, `meta_title`, `scripts`, `sort`, `on`) VALUES
(1, 'Гарантии', 'warranty', '<p>Наиболее распространённая проблема, которая беспокоит людей, заказывающих IT-Услуги (Создание сайтов, Разработка программного обеспечения, Веб-Дизайн или Интернет-реклама) &mdash; возможное невыполнение обязательств, взятых на себя исполнителем: здесь и простое несоблюдение сроков разработки и сдачи заказа, и откровенное кидалово. Понятно и логично, что заказчик старается всячески себя обезопасить от пустой траты денег и других рисков. При этом, необходимо понимать и исполнителей&nbsp;&mdash;&nbsp;<strong>клиентов, обманывающих веб-студии, не мало. Как быть?</strong></p>\r\n\r\n<p>Недобросовестным исполнителям выгодно, чтобы интернет-сайт, созданный ими, оказался не совсем качественным.&nbsp;Их радует возможность получить дополнительную прибыль от его доработки. А ведь всё это, обычно, выполняют при создании сайта, эта стоимость уже включена в основные работы, но, их предлагают заказчику как дополнительные услуги, что не совсем честно.</p>\r\n\r\n<p>Все мы знаем, что качественный товар стоит дороже. С сайтами &ndash; тоже самое, стоимость создания сайта, сделанного студентом на коленке, намного ниже, чем заказ в веб-студии, где работают профессионалы, и отличия в гарантиях надёжности и качестве работы очевидны.</p>\r\n\r\n<h2>Итак, Вы можете нам доверять, потому что:</h2>\r\n\r\n<ol>\r\n	<li>Все работы мы ведем на основании договора.&nbsp;В нём согласованы порядок и сроки сдачи проекта, способы оплаты, условия гарантийного обслуживания и т.д., заполняется Бриф, в котором, заказчик озвучивает свои пожелания, выбирает, какие услуги ему необходимы (мы всегда поможем в этом деле), для каких целей и т.д.<br />\r\n	Согласовываются все моменты и сроки по техническому заданию (в личной встрече, по телефону, или по электронной почте и т.д.), после чего, оно утверждается заказчиком.&nbsp;</li>\r\n	<li>При создании сложного вида сайта, разработка сайта ведётся в несколько этапов.&nbsp;Прописываются виды работ для каждого из этапов и каждый из этапов оплачивается отдельно. Заказчику регулярно предоставляется краткий отчёт о том, что уже сделано, и что делается сейчас (на каждом этапе или по согласованию). С учётом ваших замечаний, мы вносим необходимые изменения.<br />\r\n	Демонстрируем результаты вам.&nbsp;</li>\r\n	<li>Все этапы работ утверждаются отдельно.<br />\r\n	Каждый этап работ, на котором возможно внесение изменений, утверждается с заказчиком отдельно и закрывается актом выполненных работ &mdash; это ваша юридическая гарантия.<br />\r\n	Последовательное утверждение ключевых этапов создания сайта делает нашу работу более прозрачной, а результат &mdash; более предсказуемым.</li>\r\n	<li>Мы предоставляем вам все необходимые данные (логины, пароли) для самостоятельной работы на сайте.</li>\r\n	<li>После завершения работ по созданию сайта, наши специалисты производят бесплатное обучение работе с сайтом.</li>\r\n</ol>\r\n\r\n<h2>Как ещё проверить надежность веб-студии?</h2>\r\n\r\n<p>Посетите сайты наших клиентов, спросите их мнение о нас.</p>\r\n\r\n<h4>Срок гарантии:</h4>\r\n\r\n<p>Мы гарантируем устранение всех ошибок и недочетов в течении 6 месяцев после установки сайта на наш сервер и регистрации в поисковиках.<br />\r\nЕсли в течении 6 месяцев была выявлена ошибка, отсчет срока начинается заново.<br />\r\nТем не менее, если сколько-нибудь серьезная ошибка по нашей вине всплывет по истечении этого срока, она все равно будет устранена.</p>\r\n\r\n<p>Наша цель &mdash; построение взаимовыгодных партнерских отношений на долгосрочной основе с клиентами. Мы работаем добросовестно и на результат.</p>\r\n', '', '', '', '', '', 4, 0),
(2, 'Политика конфиденциальности', 'privacy_policy', '<p><strong>1. Общие положения</strong><br />\r\n1.1. Веб-студия &laquo;Bytehouse&raquo;, обязуется охранять Ваши данные и уважать неприкосновенность Вашей частной жизни.<br />\r\n1.2. Настоящая Политика конфиденциальности вместе образует основу для нашей работы с личными данными, которые мы получаем от Вас или которые Вы нам предоставляете через наш веб-сайт bytehouse.ru (&laquo;Сайт&raquo;). Всякий раз, когда Вы заполняете какую-либо форму, общаетесь с нашими сотрудниками или отправляете нам данные, используя наш Сайт, мы осуществляем сбор, использование и раскрытие Вашей личной информации в соответствии с положениями настоящей Политики конфиденциальности. Внимательно ознакомьтесь с настоящей Политикой конфиденциальности, чтобы понять, каких принципов и правил, мы придерживаемся в отношении Ваших личных данных, как мы их используем и как будем с ними обращаться. Если Вы не согласны с настоящей Политикой конфиденциальности, Вы вправе отказаться от наших услуг.<br />\r\n<strong>2. Собираемая нами информация</strong><br />\r\n2.1. Информация, собираемая нами от Вас. Мы можем собирать и обрабатывать следующую информацию о Вас:<br />\r\n&bull;&nbsp;&nbsp; &nbsp;полное имя и фамилия, адрес, адрес электронной почты, номер телефона.<br />\r\n&bull;&nbsp;&nbsp; &nbsp;корреспонденция, которую Вы нам отправляете;<br />\r\n&bull;&nbsp;&nbsp; &nbsp;наши звонки Вам и Ваши звонки нам;<br />\r\n&bull;&nbsp;&nbsp; &nbsp;информация, собираемая с помощью cookie-файлов;<br />\r\n&bull;&nbsp;&nbsp; &nbsp;IP-адрес, время входа на сайт, операционная система и браузер;<br />\r\n&bull;&nbsp;&nbsp; &nbsp;сведения о Ваших посещениях нашего Сайта, в том числе, но не только, данные о трафике, данные о местоположении, данные о сетевых журналах и другие сведения о передаче данных, которые могут требоваться для наших собственных целей выставления счетов или для других целей, а также данные о ресурсах, к которым Вы получаете доступ, когда посещаете наш Сайт.<br />\r\n<strong>3. Использование полученной информации</strong><br />\r\n3.1. Мы используем касающуюся Вас информацию, которая находится в нашем распоряжении, следующими способами:<br />\r\n&bull;&nbsp;&nbsp; &nbsp;для предоставления заказываемых Вами услуг;<br />\r\n&bull;&nbsp;&nbsp; &nbsp;для обеспечения возможности использования Вами интерактивных функций Сайта;<br />\r\n&bull;&nbsp;&nbsp; &nbsp;для информирования Вас об изменениях в наших услугах;<br />\r\n&bull;&nbsp;&nbsp; &nbsp;для улучшения нашего внутреннего клиентского обучения;<br />\r\n&bull;&nbsp;&nbsp; &nbsp;для обслуживания клиентов, включая ответы на вопросы, замечания и жалобы;<br />\r\n&bull;&nbsp;&nbsp; &nbsp;для повышения безопасности наших услуг;<br />\r\n&bull;&nbsp;&nbsp; &nbsp;для представления содержимого нашего Сайта наиболее эффективным образом для Вас и Вашего компьютера;<br />\r\n<strong>4. Хранение Вашей личной информации</strong><br />\r\n4.1. Мы не осуществляем накопление, хранение и передачу третьим лицам Вашей личной информации. Информация, которую мы получаем от Вас, уничтожается по завершению работы над заказанной услугой. Мы предпринимаем, и будем предпринимать все разумно необходимые меры для обеспечения безопасности и сохранности Вашей информации, в соответствии с настоящей политикой конфиденциальности, независимо от того, где она находится.<br />\r\n4.2. Безопасность. Мы обязуемся обеспечивать безопасность Ваших данных. К сожалению, передача информации через Интернет не является абсолютно безопасной. Хотя мы делаем все возможное для защиты Ваших личных данных, мы не можем гарантировать сохранность данных, передаваемых на наш Сайт. Передача данных во всех случаях осуществляется Вами на свой страх и риск.<br />\r\n<strong>5. Связь с Вами</strong><br />\r\n5.1. Мы можем связываться с Вами по электронной почте, указанной в Ваших данных, или по телефону, используя контактные номера телефонов, указанные Вами при оформлении заказа.<br />\r\n<strong>6. Cookie-файлы</strong><br />\r\n6.1. Общие положения.<br />\r\n6.1.1. Cookie-файл &ndash; это файл с небольшим количеством данных, содержащий информацию, которая загружается на устройство, с которого осуществляется доступ на Сайт. Cookie-файлы полезны тем, что позволяют нашему Сайту и другим веб-сайтам распознавать Ваше устройство.<br />\r\n6.1.2. Cookie-файлы широко применяются для обеспечения или повышения эффективности работы веб-сайтов, а также для передачи информации владельцам сайтов. В частности, с их помощью обеспечивается запоминание настроек (например, языковых) при навигации по страницам Сайта.<br />\r\n6.2. Блокирование cookie-файлов. Если Вы хотите ограничить использование нами cookie-файлов, Вы можете блокировать cookie-файлы с помощью настроек Вашего браузера, позволяющих запретить использование всех или некоторых cookie-файлов. Однако, если Вы таким образом заблокируете все cookie-файлы, Вы, возможно, не сможете получить доступ ко всему нашему сайту или к некоторым его частям. Наш сайт может выпускать некоторые из вышеописанных cookie-файлов сразу же после того, как Вы входите на наш сайт, если в настройках браузера не установлена блокировка cookie-файлов.<br />\r\n<strong>7. Контактная информация</strong><br />\r\n7.1. Мы будем рады ответить на Ваши вопросы, замечания и запросы в отношении настоящей Политики конфиденциальности. Их следует отправлять по следующему адресу: hello@bytehouse.ru<br />\r\n&nbsp;</p>\r\n', '', '', '', '', '', 2, 0),
(3, 'Сотрудничество', 'sotrudnichestvo', '<p>Приглашаем к сотрудничеству:<br />\r\n&nbsp;рекламные агентства и агентов</p>\r\n\r\n<p>Веб-студии</p>\r\n\r\n<p>Маркетологов</p>\r\n\r\n<p>Дизайнеров</p>\r\n', '', '', '', '', '', 1, 0),
(4, 'Способы оплаты', 'sposoby-oplaty', '<p>.</p>\r\n', '', '', '', '', '', 3, 1),
(5, 'Акции', 'akcii', '<p>.</p>\r\n', '', '', '', '', '', 5, 1),
(6, 'Отзывы', 'otzyvy', '<p>.</p>\r\n', '', '', '', '', '', 6, 1),
(7, 'Стоимость Услуг', 'stoimost-uslug', '<p>.</p>\r\n', '', '', '', '', '', 6, 1);

-- --------------------------------------------------------

--
-- Структура таблицы `thumbnail_kvstore`
--

CREATE TABLE `thumbnail_kvstore` (
  `key` varchar(200) COLLATE utf8_unicode_ci NOT NULL,
  `value` longtext COLLATE utf8_unicode_ci NOT NULL
) ENGINE=InnoDB DEFAULT CHARSET=utf8 COLLATE=utf8_unicode_ci;

--
-- Дамп данных таблицы `thumbnail_kvstore`
--

INSERT INTO `thumbnail_kvstore` (`key`, `value`) VALUES
('sorl-thumbnail||image||0192d68cc02849f78be2205069e7cadf', '{"storage": "django.core.files.storage.FileSystemStorage", "name": "blog/article/logo/1287079634e8.png", "size": [1830, 1499]}'),
('sorl-thumbnail||image||07391f3eb97cd53ea6625d77785fd957', '{"storage": "django.core.files.storage.FileSystemStorage", "name": "blog/article/logo/128709634_e8.jpeg", "size": [1830, 1499]}'),
('sorl-thumbnail||image||0b1691dd7e44073435021a417fdea8f5', '{"storage": "django.core.files.storage.FileSystemStorage", "name": "blog/article/logo/Page-Authority-and-the-science-behind-search-engine-optimization.jpg", "size": [2356, 1570]}'),
('sorl-thumbnail||image||1037e75530ebfdf97f075b0601f9711f', '{"storage": "django.core.files.storage.FileSystemStorage", "name": "blog/article/logo/zachem-site.png", "size": [1363, 813]}'),
('sorl-thumbnail||image||13f55d178fbf89f20934c243ace2bba9', '{"storage": "django.core.files.storage.FileSystemStorage", "name": "cache/14/13/14131b28dbc7e9b0391debe7c548a9f0.jpg", "size": [265, 180]}'),
('sorl-thumbnail||image||1c578ce93227ceb52b78a051392b44d7', '{"storage": "django.core.files.storage.FileSystemStorage", "name": "cache/f4/d7/f4d7ee74ec887b09393fecc22b2c5c96.jpg", "size": [265, 180]}'),
('sorl-thumbnail||image||25887a6d75f28076851c2fa8fdcddb49', '{"storage": "django.core.files.storage.FileSystemStorage", "name": "blog/article/logo/user-experience.jpg", "size": [797, 544]}'),
('sorl-thumbnail||image||2cf431803413522d54f2db52b7587a22', '{"storage": "django.core.files.storage.FileSystemStorage", "name": "cache/e1/fc/e1fcf64e6ab5b31cdaa9d31d219e3b56.jpg", "size": [265, 180]}'),
('sorl-thumbnail||image||3be0610a614e5738fc5cad795874f117', '{"storage": "django.core.files.storage.FileSystemStorage", "name": "cache/07/94/079451e8243fb57ead955bb3ccc928b2.jpg", "size": [265, 180]}'),
('sorl-thumbnail||image||41c09dddee8213a5854975aa3494e544', '{"storage": "django.core.files.storage.FileSystemStorage", "name": "blog/article/logo/about_company.jpg", "size": [290, 282]}'),
('sorl-thumbnail||image||47ca6c4a40655ca702ba7d57720c9cb8', '{"storage": "django.core.files.storage.FileSystemStorage", "name": "cache/34/aa/34aae4b36709a42abf17691b091254d3.jpg", "size": [265, 180]}'),
('sorl-thumbnail||image||5e7d76f8a385bcd3c15618f4e5fbbd64', '{"storage": "django.core.files.storage.FileSystemStorage", "name": "cache/c9/50/c95090da9cbfc327d7348770ef7d76bd.jpg", "size": [265, 180]}'),
('sorl-thumbnail||image||6c69293d01a413a28176d3fca93ad60a', '{"storage": "django.core.files.storage.FileSystemStorage", "name": "cache/04/88/0488550747b4ae507092df7884959efa.jpg", "size": [265, 180]}'),
('sorl-thumbnail||image||6de2dccb8b1020937b5d636f97764ba1', '{"storage": "django.core.files.storage.FileSystemStorage", "name": "cache/e1/6b/e16bb8d19b644bc72e77c761f517ebb9.jpg", "size": [265, 180]}'),
('sorl-thumbnail||image||6f2e16bf756990727f1f6efa6eb5915e', '{"storage": "django.core.files.storage.FileSystemStorage", "name": "blog/article/logo/1287079634_e8_D0bVb1X.png", "size": [1830, 1499]}'),
('sorl-thumbnail||image||82da8d8a9590ec383ee0cb726dab0500', '{"storage": "django.core.files.storage.FileSystemStorage", "name": "cache/7d/d7/7dd7f61865dad10c156851ee94f8ea65.jpg", "size": [265, 180]}'),
('sorl-thumbnail||image||85205acf5f085eb8ac459a53aa973910', '{"storage": "django.core.files.storage.FileSystemStorage", "name": "cache/34/e9/34e912b0b19986cced3a3805b3e10cc5.jpg", "size": [265, 180]}'),
('sorl-thumbnail||image||8a435a5810101a503fcf771a0b6175f7', '{"storage": "django.core.files.storage.FileSystemStorage", "name": "blog/article/logo/1287079634e8_FEcbhNP.png", "size": [1830, 1499]}'),
('sorl-thumbnail||image||8a776dea78b33b4ea953dd7eaf726dd3', '{"storage": "django.core.files.storage.FileSystemStorage", "name": "cache/64/5f/645fc3b6df1521a18d3a9936c92b4ebe.jpg", "size": [265, 180]}'),
('sorl-thumbnail||image||98a2bedb046a313ba47925c1b54f11d8', '{"storage": "django.core.files.storage.FileSystemStorage", "name": "cache/46/65/46650488119e8f1e03f821df8e843c83.jpg", "size": [265, 180]}'),
('sorl-thumbnail||image||9f923563903ec48cc983d6efd9b2a6d4', '{"storage": "django.core.files.storage.FileSystemStorage", "name": "blog/article/logo/1287079634_e8.jpeg", "size": [1386, 1385]}'),
('sorl-thumbnail||image||ab27eba935e084c870bb052b4b47bcd5', '{"storage": "django.core.files.storage.FileSystemStorage", "name": "blog/article/logo/user-experience_lYwOZj5.jpg", "size": [797, 544]}'),
('sorl-thumbnail||image||b3a7bccfc0ac3d99975eb3399e1d3fd9', '{"storage": "django.core.files.storage.FileSystemStorage", "name": "blog/article/logo/shutterstock_193851854-usability1.png", "size": [1408, 886]}'),
('sorl-thumbnail||image||b95069df524d0b6dcb3e6e7aad72d522', '{"storage": "django.core.files.storage.FileSystemStorage", "name": "cache/b8/09/b80983eff2160ef6efab47814aabee47.jpg", "size": [265, 180]}'),
('sorl-thumbnail||image||bb6f14287554f7b2080e070a3b41bdea', '{"storage": "django.core.files.storage.FileSystemStorage", "name": "blog/article/logo/1287079634_e8.png", "size": [1830, 1499]}'),
('sorl-thumbnail||image||eb66d0c3a5d527a889361f9627b4e420', '{"storage": "django.core.files.storage.FileSystemStorage", "name": "blog/article/logo/irish-hands.jpg", "size": [1050, 700]}'),
('sorl-thumbnail||image||ef7578ee9393d2f83ba63729fecc067e', '{"storage": "django.core.files.storage.FileSystemStorage", "name": "cache/ac/6c/ac6c7859bc81a1c0e3fc16f9382002d0.jpg", "size": [265, 180]}'),
('sorl-thumbnail||image||fefc62ee4f912d5550fbe56d1c0dfa8b', '{"storage": "django.core.files.storage.FileSystemStorage", "name": "blog/article/logo/cach-ban.png", "size": [986, 863]}'),
('sorl-thumbnail||thumbnails||0192d68cc02849f78be2205069e7cadf', '["3be0610a614e5738fc5cad795874f117"]'),
('sorl-thumbnail||thumbnails||07391f3eb97cd53ea6625d77785fd957', '["85205acf5f085eb8ac459a53aa973910"]'),
('sorl-thumbnail||thumbnails||0b1691dd7e44073435021a417fdea8f5', '["6de2dccb8b1020937b5d636f97764ba1"]'),
('sorl-thumbnail||thumbnails||1037e75530ebfdf97f075b0601f9711f', '["8a776dea78b33b4ea953dd7eaf726dd3"]'),
('sorl-thumbnail||thumbnails||25887a6d75f28076851c2fa8fdcddb49', '["ef7578ee9393d2f83ba63729fecc067e"]'),
('sorl-thumbnail||thumbnails||41c09dddee8213a5854975aa3494e544', '["1c578ce93227ceb52b78a051392b44d7"]'),
('sorl-thumbnail||thumbnails||6f2e16bf756990727f1f6efa6eb5915e', '["98a2bedb046a313ba47925c1b54f11d8"]'),
('sorl-thumbnail||thumbnails||8a435a5810101a503fcf771a0b6175f7', '["2cf431803413522d54f2db52b7587a22"]'),
('sorl-thumbnail||thumbnails||9f923563903ec48cc983d6efd9b2a6d4', '["5e7d76f8a385bcd3c15618f4e5fbbd64"]'),
('sorl-thumbnail||thumbnails||ab27eba935e084c870bb052b4b47bcd5', '["6c69293d01a413a28176d3fca93ad60a"]'),
('sorl-thumbnail||thumbnails||b3a7bccfc0ac3d99975eb3399e1d3fd9', '["47ca6c4a40655ca702ba7d57720c9cb8"]'),
('sorl-thumbnail||thumbnails||bb6f14287554f7b2080e070a3b41bdea', '["b95069df524d0b6dcb3e6e7aad72d522"]'),
('sorl-thumbnail||thumbnails||eb66d0c3a5d527a889361f9627b4e420', '["82da8d8a9590ec383ee0cb726dab0500"]'),
('sorl-thumbnail||thumbnails||fefc62ee4f912d5550fbe56d1c0dfa8b', '["13f55d178fbf89f20934c243ace2bba9"]');

--
-- Индексы сохранённых таблиц
--

--
-- Индексы таблицы `auth_group`
--
ALTER TABLE `auth_group`
  ADD PRIMARY KEY (`id`),
  ADD UNIQUE KEY `name` (`name`);

--
-- Индексы таблицы `auth_group_permissions`
--
ALTER TABLE `auth_group_permissions`
  ADD PRIMARY KEY (`id`),
  ADD UNIQUE KEY `group_id` (`group_id`,`permission_id`),
  ADD KEY `auth_group__permission_id_1f49ccbbdc69d2fc_fk_auth_permission_id` (`permission_id`);

--
-- Индексы таблицы `auth_permission`
--
ALTER TABLE `auth_permission`
  ADD PRIMARY KEY (`id`),
  ADD UNIQUE KEY `content_type_id` (`content_type_id`,`codename`);

--
-- Индексы таблицы `auth_user`
--
ALTER TABLE `auth_user`
  ADD PRIMARY KEY (`id`),
  ADD UNIQUE KEY `username` (`username`);

--
-- Индексы таблицы `auth_user_groups`
--
ALTER TABLE `auth_user_groups`
  ADD PRIMARY KEY (`id`),
  ADD UNIQUE KEY `user_id` (`user_id`,`group_id`),
  ADD KEY `auth_user_groups_group_id_33ac548dcf5f8e37_fk_auth_group_id` (`group_id`);

--
-- Индексы таблицы `auth_user_user_permissions`
--
ALTER TABLE `auth_user_user_permissions`
  ADD PRIMARY KEY (`id`),
  ADD UNIQUE KEY `user_id` (`user_id`,`permission_id`),
  ADD KEY `auth_user_u_permission_id_384b62483d7071f0_fk_auth_permission_id` (`permission_id`);

--
-- Индексы таблицы `blog_article`
--
ALTER TABLE `blog_article`
  ADD PRIMARY KEY (`id`),
  ADD KEY `blog_article_4f331e2f` (`author_id`);

--
-- Индексы таблицы `blog_article_tag`
--
ALTER TABLE `blog_article_tag`
  ADD PRIMARY KEY (`id`),
  ADD UNIQUE KEY `article_id` (`article_id`,`tags_id`),
  ADD KEY `blog_article_tag_tags_id_6f3104f791dc5007_fk_blog_tags_id` (`tags_id`);

--
-- Индексы таблицы `blog_author`
--
ALTER TABLE `blog_author`
  ADD PRIMARY KEY (`id`);

--
-- Индексы таблицы `blog_comments`
--
ALTER TABLE `blog_comments`
  ADD PRIMARY KEY (`id`),
  ADD KEY `blog_comments_article_id_57d0b2eed1eeaf03_fk_blog_article_id` (`article_id`);

--
-- Индексы таблицы `blog_subscribers`
--
ALTER TABLE `blog_subscribers`
  ADD PRIMARY KEY (`id`);

--
-- Индексы таблицы `blog_tags`
--
ALTER TABLE `blog_tags`
  ADD PRIMARY KEY (`id`),
  ADD UNIQUE KEY `title` (`title`),
  ADD UNIQUE KEY `slug` (`slug`);

--
-- Индексы таблицы `django_admin_log`
--
ALTER TABLE `django_admin_log`
  ADD PRIMARY KEY (`id`),
  ADD KEY `djang_content_type_id_697914295151027a_fk_django_content_type_id` (`content_type_id`),
  ADD KEY `django_admin_log_user_id_52fdd58701c5f563_fk_auth_user_id` (`user_id`);

--
-- Индексы таблицы `django_content_type`
--
ALTER TABLE `django_content_type`
  ADD PRIMARY KEY (`id`),
  ADD UNIQUE KEY `django_content_type_app_label_45f3b1d93ec8c61c_uniq` (`app_label`,`model`);

--
-- Индексы таблицы `django_migrations`
--
ALTER TABLE `django_migrations`
  ADD PRIMARY KEY (`id`);

--
-- Индексы таблицы `django_session`
--
ALTER TABLE `django_session`
  ADD PRIMARY KEY (`session_key`),
  ADD KEY `django_session_de54fa62` (`expire_date`);

--
-- Индексы таблицы `main_contactform`
--
ALTER TABLE `main_contactform`
  ADD PRIMARY KEY (`id`);

--
-- Индексы таблицы `main_pages`
--
ALTER TABLE `main_pages`
  ADD PRIMARY KEY (`id`),
  ADD KEY `main_pages_2dbcba41` (`slug`);

--
-- Индексы таблицы `main_staticpages`
--
ALTER TABLE `main_staticpages`
  ADD PRIMARY KEY (`id`),
  ADD KEY `main_staticpages_572d4e42` (`url`);

--
-- Индексы таблицы `thumbnail_kvstore`
--
ALTER TABLE `thumbnail_kvstore`
  ADD PRIMARY KEY (`key`);

--
-- AUTO_INCREMENT для сохранённых таблиц
--

--
-- AUTO_INCREMENT для таблицы `auth_group`
--
ALTER TABLE `auth_group`
  MODIFY `id` int(11) NOT NULL AUTO_INCREMENT;
--
-- AUTO_INCREMENT для таблицы `auth_group_permissions`
--
ALTER TABLE `auth_group_permissions`
  MODIFY `id` int(11) NOT NULL AUTO_INCREMENT;
--
-- AUTO_INCREMENT для таблицы `auth_permission`
--
ALTER TABLE `auth_permission`
  MODIFY `id` int(11) NOT NULL AUTO_INCREMENT, AUTO_INCREMENT=46;
--
-- AUTO_INCREMENT для таблицы `auth_user`
--
ALTER TABLE `auth_user`
  MODIFY `id` int(11) NOT NULL AUTO_INCREMENT, AUTO_INCREMENT=4;
--
-- AUTO_INCREMENT для таблицы `auth_user_groups`
--
ALTER TABLE `auth_user_groups`
  MODIFY `id` int(11) NOT NULL AUTO_INCREMENT;
--
-- AUTO_INCREMENT для таблицы `auth_user_user_permissions`
--
ALTER TABLE `auth_user_user_permissions`
  MODIFY `id` int(11) NOT NULL AUTO_INCREMENT;
--
-- AUTO_INCREMENT для таблицы `blog_article`
--
ALTER TABLE `blog_article`
  MODIFY `id` int(11) NOT NULL AUTO_INCREMENT, AUTO_INCREMENT=7;
--
-- AUTO_INCREMENT для таблицы `blog_article_tag`
--
ALTER TABLE `blog_article_tag`
  MODIFY `id` int(11) NOT NULL AUTO_INCREMENT, AUTO_INCREMENT=79;
--
-- AUTO_INCREMENT для таблицы `blog_author`
--
ALTER TABLE `blog_author`
  MODIFY `id` int(11) NOT NULL AUTO_INCREMENT, AUTO_INCREMENT=2;
--
-- AUTO_INCREMENT для таблицы `blog_comments`
--
ALTER TABLE `blog_comments`
  MODIFY `id` int(11) NOT NULL AUTO_INCREMENT;
--
-- AUTO_INCREMENT для таблицы `blog_subscribers`
--
ALTER TABLE `blog_subscribers`
  MODIFY `id` int(11) NOT NULL AUTO_INCREMENT, AUTO_INCREMENT=4;
--
-- AUTO_INCREMENT для таблицы `blog_tags`
--
ALTER TABLE `blog_tags`
  MODIFY `id` int(11) NOT NULL AUTO_INCREMENT, AUTO_INCREMENT=5;
--
-- AUTO_INCREMENT для таблицы `django_admin_log`
--
ALTER TABLE `django_admin_log`
  MODIFY `id` int(11) NOT NULL AUTO_INCREMENT, AUTO_INCREMENT=131;
--
-- AUTO_INCREMENT для таблицы `django_content_type`
--
ALTER TABLE `django_content_type`
  MODIFY `id` int(11) NOT NULL AUTO_INCREMENT, AUTO_INCREMENT=16;
--
-- AUTO_INCREMENT для таблицы `django_migrations`
--
ALTER TABLE `django_migrations`
  MODIFY `id` int(11) NOT NULL AUTO_INCREMENT, AUTO_INCREMENT=32;
--
-- AUTO_INCREMENT для таблицы `main_contactform`
--
ALTER TABLE `main_contactform`
  MODIFY `id` int(11) NOT NULL AUTO_INCREMENT;
--
-- AUTO_INCREMENT для таблицы `main_pages`
--
ALTER TABLE `main_pages`
  MODIFY `id` int(11) NOT NULL AUTO_INCREMENT, AUTO_INCREMENT=8;
--
-- AUTO_INCREMENT для таблицы `main_staticpages`
--
ALTER TABLE `main_staticpages`
  MODIFY `id` int(11) NOT NULL AUTO_INCREMENT, AUTO_INCREMENT=8;
--
-- Ограничения внешнего ключа сохраненных таблиц
--

--
-- Ограничения внешнего ключа таблицы `auth_group_permissions`
--
ALTER TABLE `auth_group_permissions`
  ADD CONSTRAINT `auth_group_permission_group_id_689710a9a73b7457_fk_auth_group_id` FOREIGN KEY (`group_id`) REFERENCES `auth_group` (`id`),
  ADD CONSTRAINT `auth_group__permission_id_1f49ccbbdc69d2fc_fk_auth_permission_id` FOREIGN KEY (`permission_id`) REFERENCES `auth_permission` (`id`);

--
-- Ограничения внешнего ключа таблицы `auth_permission`
--
ALTER TABLE `auth_permission`
  ADD CONSTRAINT `auth__content_type_id_508cf46651277a81_fk_django_content_type_id` FOREIGN KEY (`content_type_id`) REFERENCES `django_content_type` (`id`);

--
-- Ограничения внешнего ключа таблицы `auth_user_groups`
--
ALTER TABLE `auth_user_groups`
  ADD CONSTRAINT `auth_user_groups_group_id_33ac548dcf5f8e37_fk_auth_group_id` FOREIGN KEY (`group_id`) REFERENCES `auth_group` (`id`),
  ADD CONSTRAINT `auth_user_groups_user_id_4b5ed4ffdb8fd9b0_fk_auth_user_id` FOREIGN KEY (`user_id`) REFERENCES `auth_user` (`id`);

--
-- Ограничения внешнего ключа таблицы `auth_user_user_permissions`
--
ALTER TABLE `auth_user_user_permissions`
  ADD CONSTRAINT `auth_user_user_permissi_user_id_7f0938558328534a_fk_auth_user_id` FOREIGN KEY (`user_id`) REFERENCES `auth_user` (`id`),
  ADD CONSTRAINT `auth_user_u_permission_id_384b62483d7071f0_fk_auth_permission_id` FOREIGN KEY (`permission_id`) REFERENCES `auth_permission` (`id`);

--
-- Ограничения внешнего ключа таблицы `blog_article`
--
ALTER TABLE `blog_article`
  ADD CONSTRAINT `blog_article_author_id_769aad595805e70a_fk_blog_author_id` FOREIGN KEY (`author_id`) REFERENCES `blog_author` (`id`);

--
-- Ограничения внешнего ключа таблицы `blog_article_tag`
--
ALTER TABLE `blog_article_tag`
  ADD CONSTRAINT `blog_article_tag_article_id_27d0bb9b4cf54675_fk_blog_article_id` FOREIGN KEY (`article_id`) REFERENCES `blog_article` (`id`),
  ADD CONSTRAINT `blog_article_tag_tags_id_6f3104f791dc5007_fk_blog_tags_id` FOREIGN KEY (`tags_id`) REFERENCES `blog_tags` (`id`);

--
-- Ограничения внешнего ключа таблицы `blog_comments`
--
ALTER TABLE `blog_comments`
  ADD CONSTRAINT `blog_comments_article_id_57d0b2eed1eeaf03_fk_blog_article_id` FOREIGN KEY (`article_id`) REFERENCES `blog_article` (`id`);

--
-- Ограничения внешнего ключа таблицы `django_admin_log`
--
ALTER TABLE `django_admin_log`
  ADD CONSTRAINT `django_admin_log_user_id_52fdd58701c5f563_fk_auth_user_id` FOREIGN KEY (`user_id`) REFERENCES `auth_user` (`id`),
  ADD CONSTRAINT `djang_content_type_id_697914295151027a_fk_django_content_type_id` FOREIGN KEY (`content_type_id`) REFERENCES `django_content_type` (`id`);

/*!40101 SET CHARACTER_SET_CLIENT=@OLD_CHARACTER_SET_CLIENT */;
/*!40101 SET CHARACTER_SET_RESULTS=@OLD_CHARACTER_SET_RESULTS */;
/*!40101 SET COLLATION_CONNECTION=@OLD_COLLATION_CONNECTION */;
